<?xml version='1.0' encoding='UTF-8' standalone='yes'?>
<addon 
  id="plugin.video.peoplesvoice"
  name="The People's Voice"
  provider-name="celadoor"
  version="0.0.6">
  <requires>
    <import  addon="xbmc.python"                      version="2.1.0" />
    <import  addon="script.common.plugin.cache"       version="1.5.1" />
    <import  addon="script.module.parsedom"           version="1.5.1" />
    <import  addon="script.module.simple.downloader"  version="0.9.4" />
  </requires>
  <extension library="Default.py"                     point="xbmc.python.pluginsource">
    <provides>video</provides>
  </extension>
  <extension point="xbmc.addon.metadata">
    <summary lang="en">The People's Voice video plugin - Please Donate, and support the video content provider!</summary>
    <description lang="en">If you would like to be a sponsor or advertiser with The People's Voice please email sponsorship@thepeoplesvoice.tv
If you would like to be a volunteer gallery Director, Producer, Editor or Journalist with The People's Voice please email work@thepeoplesvoice.tv
VIEWER EXPECTATION[CR]The People's Voice has been established to balance mainstream media bias which refuses to give voice to people with views at odds with mainstream thinking and belief. You can expect to hear all aspects of mainstream society questioned and debated. What viewers choose to accept or believe is for them to decide after hearing the evidence and opinion broadcast by The People's Voice and the information and opinion broadcast by mainstream sources.[CR][CR]Some programmes may include swearing, but only after 9pm UK time...</description>
    <language>en</language>
	<platform>all</platform>
	<license>GNU GENERAL PUBLIC LICENSE. Version 3, June 2007</license>
	<forum>http://forum.xbmc.org/showthread.php?tid=178078</forum>
	<website></website>
	<email></email>
	<source></source>
  </extension>
</addon>