<?xml version='1.0' encoding='UTF-8' standalone='yes'?>
<addon 
  id="plugin.video.rssvideo" 
  name="RSS Video Player" 
  provider-name="celadoor" 
  version="0.0.1">
  <requires>
    <import  addon="xbmc.python"                      version="3.0.0" />
    <import  addon="script.module.feedparser"         version="6.0.11" />
  </requires>
  <extension library="default.py"                     point="xbmc.python.pluginsource">
    <provides>video</provides>
  </extension>
  <extension point="xbmc.addon.metadata">
    <summary lang="en">RSS video plugin</summary>
    <description lang="en">Kodi plugin for RSS feeds.
This is a basic plugin for accessing RSS .xml video content..
This plugin relies on the script.module.feedparser and to make it work you need to add an url of the type
https://www.website.com/rssvideofeed.xml in the settings..</description>
    <language>en</language>
    <platform>all</platform>
	<license>GNU GENERAL PUBLIC LICENSE. Version 3, June 2007</license>
	<forum></forum>
    <website></website>
    <assets>
        <icon>resources/assets/icon.png</icon>
        <fanart>resources/assets/fanart.jpg</fanart>
    </assets>
    <email></email>
    <news>created by celadoor.
Version 0.0.1 -Initial Release.</news>
	<source></source>
  </extension>
</addon>
