<?xml version='1.0' encoding='UTF-8' standalone='yes'?>
<addon 
  id="plugin.video.disclose_Lite" 
  name="disclose_Lite" 
  provider-name="celadoor" 
  version="0.0.6">
  <requires>
    <import  addon="xbmc.python"                      version="2.1.0" />
    <import  addon="script.common.plugin.cache"       version="1.5.1" />
    <import  addon="script.module.parsedom"           version="1.5.1" />
    <import  addon="script.module.simple.downloader"  version="0.9.4" />
  </requires>
  <extension library="default.py"                     point="xbmc.python.pluginsource">
    <provides>video</provides>
  </extension>
  <extension point="xbmc.addon.metadata">
    <summary lang="en">disclose_Lite video plugin</summary>
    <description lang="en">disclose_Lite..</description>
    <language>en</language>
    <platform>all</platform>
	<license>GNU GENERAL PUBLIC LICENSE. Version 3, June 2007</license>
	<forum></forum>
	<website></website>
	<email></email>
	<source></source>
  </extension>
</addon>