<?xml version="1.0" encoding="UTF-8"?>
<window id="1117">
    <defaultcontrol always="true">50</defaultcontrol>
    <backgroundcolor>background</backgroundcolor>
    <include>OpenClose</include>
    <controls>
        <include>BlackBackground</include>
        <control type="label" description="Heading">
            <centerleft>960</centerleft>
            <top>20</top>
            <width>720</width>
            <height>45</height>
            <font>size42B</font>
            <align>center</align>
            <textcolor>maindim</textcolor>
            <label>31052</label>
        </control>
        <control type="group">
            <control type="image" description="Line bottom">
                <top>490</top>
                <width>1920</width>
                <height>1</height>
                <texture>lines/Line1.png</texture>
            </control>
            <control type="panel" id="50" description="ICON PANEL">
                <width>1820</width>
                <height>589</height>
                <top>491</top>
                <centerleft>960</centerleft>
                <onleft>50</onleft>
                <onright>50</onright>
                <onup>700</onup>
                <ondown>noop</ondown>
                <orientation>vertical</orientation>
                <scrolltime tween="sine" easing="inout">280</scrolltime>
                <itemlayout height="220" width="260">
                    <control type="image" description="Thumb">
                        <visible>!String.IsEmpty(Listitem.thumb)</visible>
                        <include>homeiconsdef</include>
                        <texture diffuse="images/diffusehome.png">$INFO[ListItem.thumb]</texture>
                    </control>
                    <control type="image" description="Thumb">
                        <visible>String.IsEmpty(Listitem.thumb)</visible>
                        <include>homeiconsdef</include>
                        <texture diffuse="images/diffusehome.png">$INFO[ListItem.label2]</texture>
                    </control>
                    <control type="label">
                        <centerleft>130</centerleft>
                        <top>198</top>
                        <width>240</width>
                        <height>24</height>
                        <font>size24</font>
                        <align>center</align>
                        <label>[B]$INFO[ListItem.label][/B]</label>
                    </control>
                </itemlayout>
                <focusedlayout height="220" width="260">
                    <control type="image" description="Thumb">
                        <visible>!String.IsEmpty(Listitem.thumb)</visible>
                        <include>homeiconsdef</include>
                        <texture diffuse="images/diffusehome.png">$INFO[ListItem.thumb]</texture>
                    </control>
                    <control type="image" description="Thumb">
                        <visible>String.IsEmpty(Listitem.thumb)</visible>
                        <include>homeiconsdef</include>
                        <texture diffuse="images/diffusehome.png">$INFO[ListItem.label2]</texture>
                    </control>
                    <control type="label">
                        <centerleft>130</centerleft>
                        <top>198</top>
                        <width>240</width>
                        <height>24</height>
                        <font>size24</font>
                        <align>center</align>
                        <label>[B]$INFO[ListItem.label][/B]</label>
                    </control>
                    <control type="image">
                        <animation effect="fade" start="0" end="100" time="100" delay="100" reversible="false">Focus</animation>
                        <animation effect="fade" start="100" end="0" time="180" reversible="true">Unfocus</animation>
                        <centerleft>130</centerleft>
                        <centertop>110</centertop>
                        <width>220</width>
                        <height>168</height>
                        <texture border="40">images/atvslider.png</texture>
                        <colordiffuse>main</colordiffuse>
                    </control>
                </focusedlayout>
                <content>
                    <item id="1013" description="VAddons">
                        <visible>!Skin.HasSetting(hidevaddons) + Skin.HasSetting(hidetv) + Skin.HasSetting(hidemovie)</visible>
                        <thumb>icons/vaddons.png</thumb>
                        <label>$LOCALIZE[157] $LOCALIZE[24001]</label>
                        <onclick>Skin.ToggleSetting(hidevaddons)</onclick>
                    </item>
                    <item id="1013" description="VAddons -OFF">
                        <visible>Skin.HasSetting(hidevaddons) + Skin.HasSetting(hidetv) + Skin.HasSetting(hidemovie)</visible>
                        <thumb>icons/off.png</thumb>
                        <label>$LOCALIZE[157] $LOCALIZE[24001]</label>
                        <onclick>Skin.ToggleSetting(hidevaddons)</onclick>
                    </item>
                    <item id="1001" description="Movies">
                        <visible>!Skin.HasSetting(hidemovie)</visible>
                        <thumb>icons/movies.png</thumb>
                        <label>$LOCALIZE[20342]</label>
                        <onclick>Skin.ToggleSetting(hidemovie)</onclick>
                    </item>
                    <item id="1001" description="Movies -OFF">
                        <visible>Skin.HasSetting(hidemovie)</visible>
                        <thumb>icons/off.png</thumb>
                        <label>$LOCALIZE[20342]</label>
                        <onclick>Skin.ToggleSetting(hidemovie)</onclick>
                    </item>
                    <item id="1002" description="TV">
                        <visible>!Skin.HasSetting(hidetv)</visible>
                        <thumb>icons/tvshows.png</thumb>
                        <label>$LOCALIZE[20343]</label>
                        <onclick>Skin.ToggleSetting(hidetv)</onclick>
                    </item>
                    <item id="1002" description="TV -OFF">
                        <visible>Skin.HasSetting(hidetv)</visible>
                        <thumb>icons/off.png</thumb>
                        <label>$LOCALIZE[20343]</label>
                        <onclick>Skin.ToggleSetting(hidetv)</onclick>
                    </item>
                    <item id="1003" description="Music">
                        <visible>!Skin.HasSetting(hidemusic)</visible>
                        <thumb>icons/music.png</thumb>
                        <label>$LOCALIZE[2]</label>
                        <onclick>Skin.ToggleSetting(hidemusic)</onclick>
                    </item>
                    <item id="1003" description="Music -OFF">
                        <visible>Skin.HasSetting(hidemusic)</visible>
                        <thumb>icons/off.png</thumb>
                        <label>$LOCALIZE[2]</label>
                        <onclick>Skin.ToggleSetting(hidemusic)</onclick>
                    </item>
                    <item id="607" description="HomeFav">
                        <visible>!String.IsEmpty(Skin.String(HomeFav.7.Label))</visible>
                        <label>$INFO[Skin.String(HomeFav.7.Label)]</label>
                        <label2>+ $LOCALIZE[1036]</label2>
                        <thumb>$INFO[Skin.String(HomeFav.7.Icon)]</thumb>
                        <onclick>SetFocus(9000)</onclick>
                    </item>
                    <item id="607" description="HomeFav">
                        <visible>String.IsEmpty(Skin.String(HomeFav.7.Label))</visible>
                        <thumb>DefaultFavourite.png</thumb>
                        <label>+ $LOCALIZE[1036]</label>
                        <onclick>RunScript(script.favourites,property=HomeFav.7)</onclick>
                    </item>
                    <item id="608" description="HomeFav">
                        <visible>!String.IsEmpty(Skin.String(HomeFav.8.Label))</visible>
                        <label>$INFO[Skin.String(HomeFav.8.Label)]</label>
                        <label2>+ $LOCALIZE[1036]</label2>
                        <thumb>$INFO[Skin.String(HomeFav.8.Icon)]</thumb>
                        <onclick>SetFocus(9000)</onclick>
                    </item>
                    <item id="608" description="HomeFav">
                        <visible>String.IsEmpty(Skin.String(HomeFav.8.Label))</visible>
                        <thumb>DefaultFavourite.png</thumb>
                        <label>+ $LOCALIZE[1036]</label>
                        <onclick>RunScript(script.favourites,property=HomeFav.8)</onclick>
                    </item>
                    <item id="1005" description="Addons">
                        <visible>!Skin.HasSetting(hideaddon)</visible>
                        <thumb>icons/addons.png</thumb>
                        <label>$LOCALIZE[24001]</label>
                        <onclick>Skin.ToggleSetting(hideaddon)</onclick>
                    </item>
                    <item id="1005" description="Addons -OFF">
                        <visible>Skin.HasSetting(hideaddon)</visible>
                        <thumb>icons/off.png</thumb>
                        <label>$LOCALIZE[24001]</label>
                        <onclick>Skin.ToggleSetting(hideaddon)</onclick>
                    </item>
                    <item id="1014">
                        <visible>!Skin.HasSetting(PVRhide)</visible>
                        <thumb>icons/LiveTV.png</thumb>
                        <label>31059</label>
                        <onclick>Skin.ToggleSetting(PVRhide)</onclick>
                    </item>
                    <item id="1014">
                        <visible>Skin.HasSetting(PVRhide)</visible>
                        <thumb>icons/off.png</thumb>
                        <label>31059</label>
                        <onclick>Skin.ToggleSetting(PVRhide)</onclick>
                    </item>
                    <item id="1004" description="Photos">
                        <visible>!Skin.HasSetting(hidepic)</visible>
                        <thumb>icons/photos.png</thumb>
                        <label>$LOCALIZE[1]</label>
                        <onclick>Skin.ToggleSetting(hidepic)</onclick>
                    </item>
                    <item id="1004" description="Photos -OFF">
                        <visible>Skin.HasSetting(hidepic)</visible>
                        <thumb>icons/off.png</thumb>
                        <label>$LOCALIZE[1]</label>
                        <onclick>Skin.ToggleSetting(hidepic)</onclick>
                    </item>
                    <item id="1006" description="Weather">
                        <visible>!Skin.HasSetting(hidewtr)</visible>
                        <thumb>weathershelf/30.png</thumb>
                        <label>$LOCALIZE[8]</label>
                        <onclick>Skin.ToggleSetting(hidewtr)</onclick>
                    </item>
                    <item id="1006" description="Weather -OFF">
                        <visible>Skin.HasSetting(hidewtr)</visible>
                        <thumb>icons/off.png</thumb>
                        <label>$LOCALIZE[8]</label>
                        <onclick>Skin.ToggleSetting(hidewtr)</onclick>
                    </item>
                    <item id="1010" description="Favourites">
                        <visible>!Skin.HasSetting(hidefav)</visible>
                        <thumb>icons/favs.png</thumb>
                        <label>$LOCALIZE[1036]</label>
                        <onclick>Skin.ToggleSetting(hidefav)</onclick>
                    </item>
                    <item id="1010" description="Favourites -OFF">
                        <visible>Skin.HasSetting(hidefav)</visible>
                        <thumb>icons/off.png</thumb>
                        <label>$LOCALIZE[1036]</label>
                        <onclick>Skin.ToggleSetting(hidefav)</onclick>
                    </item>
                    <item id="358" description="next aired">
                        <visible>Skin.HasSetting(nextair) + Library.HasContent(TVShows)</visible>
                        <thumb>icons/nextaired.png</thumb>
                        <label>Next Aired</label>
                        <onclick>Skin.ToggleSetting(nextair)</onclick>
                    </item>
                    <item id="358" description="next aired -OFF">
                        <visible>!Skin.HasSetting(nextair) + Library.HasContent(TVShows)</visible>
                        <thumb>icons/off.png</thumb>
                        <label>Next Aired</label>
                        <onclick condition="!System.HasAddon(script.tv.show.next.aired)">InstallAddon(script.tv.show.next.aired)</onclick>
                        <onclick condition="System.HasAddon(script.tv.show.next.aired)">Skin.ToggleSetting(nextair)</onclick>
                    </item>
                    <item id="356" description="search">
                        <visible>Skin.HasSetting(sear)</visible>
                        <thumb>icons/off.png</thumb>
                        <label>137</label>
                        <onclick>Skin.ToggleSetting(sear)</onclick>
                    </item>
                    <item id="356" description="search -OFF">
                        <visible>!Skin.HasSetting(sear)</visible>
                        <thumb>icons/search.png</thumb>
                        <label>137</label>
                        <onclick>Skin.ToggleSetting(sear)</onclick>
                    </item>
                    <item id="357" description="3d movies">
                        <visible>!Skin.HasSetting(3dmovs)</visible>
                        <thumb>icons/off.png</thumb>
                        <label>3D $LOCALIZE[342]</label>
                        <onclick>Skin.ToggleSetting(3dmovs)</onclick>
                    </item>
                    <item id="357" description="3d movies -OFF">
                        <visible>Skin.HasSetting(3dmovs)</visible>
                        <thumb>icons/3D.png</thumb>
                        <label>3D $LOCALIZE[342]</label>
                        <onclick>Skin.ToggleSetting(3dmovs)</onclick>
                    </item>
                    <item id="359">
                        <visible>Skin.HasSetting(showtheater)</visible>
                        <thumb>icons/infotheater.png</thumb>
                        <label>31422</label>
                        <onclick>Skin.ToggleSetting(showtheater)</onclick>
                    </item>
                    <item id="359">
                        <visible>!Skin.HasSetting(showtheater)</visible>
                        <thumb>icons/off.png</thumb>
                        <label>31422</label>
                        <onclick condition="!System.HasAddon(script.extendedinfo)">InstallAddon(script.extendedinfo)</onclick>
                        <onclick condition="System.HasAddon(script.extendedinfo)">Skin.ToggleSetting(showtheater)</onclick>                
                    </item>
                    <item id="360">
                        <visible>Skin.HasSetting(showdvdrel)</visible>
                        <thumb>icons/infodvd.png</thumb>
                        <label>31423</label>
                        <onclick>Skin.ToggleSetting(showdvdrel)</onclick>
                    </item>
                    <item id="360">
                        <visible>!Skin.HasSetting(showdvdrel)</visible>
                        <thumb>icons/off.png</thumb>
                        <label>31423</label>
                        <onclick condition="!System.HasAddon(script.extendedinfo)">InstallAddon(script.extendedinfo)</onclick>
                        <onclick condition="System.HasAddon(script.extendedinfo)">Skin.ToggleSetting(showdvdrel)</onclick>   
                    </item>
                    <item id="601" description="HomeFav">
                        <visible>!String.IsEmpty(Skin.String(HomeFav.1.Label))</visible>
                        <label>$INFO[Skin.String(HomeFav.1.Label)]</label>
                        <label2>+ $LOCALIZE[1036]</label2>
                        <thumb>$INFO[Skin.String(HomeFav.1.Icon)]</thumb>
                        <onclick>SetFocus(9000)</onclick>
                    </item>
                    <item id="601" description="HomeFav">
                        <visible>String.IsEmpty(Skin.String(HomeFav.1.Label))</visible>
                        <thumb>DefaultFavourite.png</thumb>
                        <label>+ $LOCALIZE[1036]</label>
                        <onclick>RunScript(script.favourites,property=HomeFav.1)</onclick>
                    </item>
                    <item id="602" description="HomeFav">
                        <visible>!String.IsEmpty(Skin.String(HomeFav.2.Label))</visible>
                        <label>$INFO[Skin.String(HomeFav.2.Label)]</label>
                        <label2>+ $LOCALIZE[1036]</label2>
                        <thumb>$INFO[Skin.String(HomeFav.2.Icon)]</thumb>
                        <onclick>SetFocus(9000)</onclick>
                    </item>
                    <item id="602" description="HomeFav">
                        <visible>String.IsEmpty(Skin.String(HomeFav.2.Label))</visible>
                        <thumb>DefaultFavourite.png</thumb>
                        <label>+ $LOCALIZE[1036]</label>
                        <onclick>RunScript(script.favourites,property=HomeFav.2)</onclick>
                    </item>
                    <item id="603" description="HomeFav">
                        <visible>!String.IsEmpty(Skin.String(HomeFav.3.Label))</visible>
                        <label>$INFO[Skin.String(HomeFav.3.Label)]</label>
                        <label2>+ $LOCALIZE[1036]</label2>
                        <thumb>$INFO[Skin.String(HomeFav.3.Icon)]</thumb>
                        <onclick>SetFocus(9000)</onclick>
                    </item>
                    <item id="603" description="HomeFav">
                        <visible>String.IsEmpty(Skin.String(HomeFav.3.Label))</visible>
                        <thumb>DefaultFavourite.png</thumb>
                        <label>+ $LOCALIZE[1036]</label>
                        <onclick>RunScript(script.favourites,property=HomeFav.3)</onclick>
                    </item>
                    <item id="604" description="HomeFav">
                        <visible>!String.IsEmpty(Skin.String(HomeFav.4.Label))</visible>
                        <label>$INFO[Skin.String(HomeFav.4.Label)]</label>
                        <label2>+ $LOCALIZE[1036]</label2>
                        <thumb>$INFO[Skin.String(HomeFav.4.Icon)]</thumb>
                        <onclick>SetFocus(9000)</onclick>
                    </item>
                    <item id="604" description="HomeFav">
                        <visible>String.IsEmpty(Skin.String(HomeFav.4.Label))</visible>
                        <thumb>DefaultFavourite.png</thumb>
                        <label>+ $LOCALIZE[1036]</label>
                        <onclick>RunScript(script.favourites,property=HomeFav.4)</onclick>
                    </item>
                    <item id="605" description="HomeFav">
                        <visible>!String.IsEmpty(Skin.String(HomeFav.5.Label))</visible>
                        <label>$INFO[Skin.String(HomeFav.5.Label)]</label>
                        <label2>+ $LOCALIZE[1036]</label2>
                        <thumb>$INFO[Skin.String(HomeFav.5.Icon)]</thumb>
                        <onclick>SetFocus(9000)</onclick>
                    </item>
                    <item id="605" description="HomeFav">
                        <visible>String.IsEmpty(Skin.String(HomeFav.5.Label))</visible>
                        <thumb>DefaultFavourite.png</thumb>
                        <label>+ $LOCALIZE[1036]</label>
                        <onclick>RunScript(script.favourites,property=HomeFav.5)</onclick>
                    </item>
                    <item id="606" description="HomeFav">
                        <visible>!String.IsEmpty(Skin.String(HomeFav.6.Label))</visible>
                        <label>$INFO[Skin.String(HomeFav.6.Label)]</label>
                        <label2>+ $LOCALIZE[1036]</label2>
                        <thumb>$INFO[Skin.String(HomeFav.6.Icon)]</thumb>
                        <onclick>SetFocus(9000)</onclick>
                    </item>
                    <item id="606" description="HomeFav">
                        <visible>String.IsEmpty(Skin.String(HomeFav.6.Label))</visible>
                        <thumb>DefaultFavourite.png</thumb>
                        <label>+ $LOCALIZE[1036]</label>
                        <onclick>RunScript(script.favourites,property=HomeFav.6)</onclick>
                    </item>
                    <item id="401" description="AddonCustom">
                        <visible>!String.IsEmpty(Skin.String(HomeAddon.1.Label))</visible>
                        <thumb>$INFO[Skin.String(HomeAddon.1.Icon)]</thumb>
                        <label2>$INFO[system.addonicon(Skin.String(HomeAddon.1.Label))]</label2>
                        <label>$INFO[system.addonTitle(Skin.String(HomeAddon.1.Label))]</label>
                        <onclick>SetFocus(9000)</onclick>
                    </item>
                    <item id="401" description="AddonCustom">
                        <visible>String.IsEmpty(Skin.String(HomeAddon.1.Label))</visible>
                        <thumb>DefaultAddon.png</thumb>
                        <label>+ $LOCALIZE[24000]</label>
                        <onclick>Skin.SetAddon(HomeAddon.1.Label,xbmc.python.pluginsource)</onclick>
                        <onclick>Skin.Reset(HomeAddon.1.Icon)</onclick>
                    </item>
                    <item id="402" description="AddonCustom">
                        <visible>!String.IsEmpty(Skin.String(HomeAddon.2.Label))</visible>
                        <thumb>$INFO[Skin.String(HomeAddon.2.Icon)]</thumb>
                        <label2>$INFO[system.addonicon(Skin.String(HomeAddon.2.Label))]</label2>
                        <label>$INFO[system.addonTitle(Skin.String(HomeAddon.2.Label))]</label>
                        <onclick>SetFocus(9000)</onclick>
                    </item>
                    <item id="402" description="AddonCustom">
                        <visible>String.IsEmpty(Skin.String(HomeAddon.2.Label))</visible>
                        <thumb>DefaultAddon.png</thumb>
                        <label>+ $LOCALIZE[24000]</label>
                        <onclick>Skin.SetAddon(HomeAddon.2.Label,xbmc.python.pluginsource)</onclick>
                        <onclick>Skin.Reset(HomeAddon.2.Icon)</onclick>
                    </item>
                    <item id="403" description="AddonCustom">
                        <visible>!String.IsEmpty(Skin.String(HomeAddon.3.Label))</visible>
                        <thumb>$INFO[Skin.String(HomeAddon.3.Icon)]</thumb>
                        <label2>$INFO[system.addonicon(Skin.String(HomeAddon.3.Label))]</label2>
                        <label>$INFO[system.addonTitle(Skin.String(HomeAddon.3.Label))]</label>
                        <onclick>SetFocus(9000)</onclick>
                    </item>
                    <item id="403" description="AddonCustom">
                        <visible>String.IsEmpty(Skin.String(HomeAddon.3.Label))</visible>
                        <thumb>DefaultAddon.png</thumb>
                        <label>+ $LOCALIZE[24000]</label>
                        <onclick>Skin.SetAddon(HomeAddon.3.Label,xbmc.python.pluginsource)</onclick>
                        <onclick>Skin.Reset(HomeAddon.3.Icon)</onclick>
                    </item>
                    <item id="404" description="AddonCustom">
                        <visible>!String.IsEmpty(Skin.String(HomeAddon.4.Label))</visible>
                        <thumb>$INFO[Skin.String(HomeAddon.4.Icon)]</thumb>
                        <label2>$INFO[system.addonicon(Skin.String(HomeAddon.4.Label))]</label2>
                        <label>$INFO[system.addonTitle(Skin.String(HomeAddon.4.Label))]</label>
                        <onclick>SetFocus(9000)</onclick>
                    </item>
                    <item id="404" description="AddonCustom">
                        <visible>String.IsEmpty(Skin.String(HomeAddon.4.Label))</visible>
                        <thumb>DefaultAddon.png</thumb>
                        <label>+ $LOCALIZE[24000]</label>
                        <onclick>Skin.SetAddon(HomeAddon.4.Label,xbmc.python.pluginsource)</onclick>
                        <onclick>Skin.Reset(HomeAddon.4.Icon)</onclick>
                    </item>
                    <item id="405" description="AddonCustom">
                        <visible>!String.IsEmpty(Skin.String(HomeAddon.5.Label))</visible>
                        <thumb>$INFO[Skin.String(HomeAddon.5.Icon)]</thumb>
                        <label2>$INFO[system.addonicon(Skin.String(HomeAddon.5.Label))]</label2>
                        <label>$INFO[system.addonTitle(Skin.String(HomeAddon.5.Label))]</label>
                        <onclick>SetFocus(9000)</onclick>
                    </item>
                    <item id="405" description="AddonCustom">
                        <visible>String.IsEmpty(Skin.String(HomeAddon.5.Label))</visible>
                        <thumb>DefaultAddon.png</thumb>
                        <label>+ $LOCALIZE[24000]</label>
                        <onclick>Skin.SetAddon(HomeAddon.5.Label,xbmc.python.pluginsource)</onclick>
                        <onclick>Skin.Reset(HomeAddon.5.Icon)</onclick>
                    </item>
                    <item id="406" description="AddonCustom">
                        <visible>!String.IsEmpty(Skin.String(HomeAddon.6.Label))</visible>
                        <thumb>$INFO[Skin.String(HomeAddon.6.Icon)]</thumb>
                        <label2>$INFO[system.addonicon(Skin.String(HomeAddon.6.Label))]</label2>
                        <label>$INFO[system.addonTitle(Skin.String(HomeAddon.6.Label))]</label>
                        <onclick>SetFocus(9000)</onclick>
                    </item>
                    <item id="406" description="AddonCustom">
                        <visible>String.IsEmpty(Skin.String(HomeAddon.6.Label))</visible>
                        <thumb>DefaultAddon.png</thumb>
                        <label>+ $LOCALIZE[24000]</label>
                        <onclick>Skin.SetAddon(HomeAddon.6.Label,xbmc.python.pluginsource)</onclick>
                        <onclick>Skin.Reset(HomeAddon.6.Icon)</onclick>
                    </item>
                    <item id="501" description="ScriptCustom">
                        <visible>!String.IsEmpty(Skin.String(HomeAddon.7.Label)) + String.IsEmpty(Skin.String(HomeAddon.7.Icon))</visible>
                        <thumb>$INFO[system.addonicon(Skin.String(HomeAddon.7.Label))]</thumb>
                        <label>$INFO[system.addonTitle(Skin.String(HomeAddon.7.Label))]</label>
                        <onclick>SetFocus(9000)</onclick>
                    </item>
                    <item id="501" description="ScriptCustom">
                        <visible>!String.IsEmpty(Skin.String(HomeAddon.7.Label)) + !String.IsEmpty(Skin.String(HomeAddon.7.Icon))</visible>
                        <thumb>$INFO[Skin.String(HomeAddon.7.Icon)]</thumb>
                        <label>$INFO[system.addonTitle(Skin.String(HomeAddon.7.Label))]</label>
                        <onclick>SetFocus(9000)</onclick>
                    </item>
                    <item id="501" description="ScriptCustom">
                        <visible>String.IsEmpty(Skin.String(HomeAddon.7.Label))</visible>
                        <thumb>DefaultAddon.png</thumb>
                        <label>+ $LOCALIZE[24009]</label>
                        <onclick>Skin.SetAddon(HomeAddon.7.Label,xbmc.python.script)</onclick>
                    </item>
                    <item id="502" description="ScriptCustom">
                        <visible>!String.IsEmpty(Skin.String(HomeAddon.8.Label)) + String.IsEmpty(Skin.String(HomeAddon.8.Icon))</visible>
                        <thumb>$INFO[system.addonicon(Skin.String(HomeAddon.8.Label))]</thumb>
                        <label>$INFO[system.addonTitle(Skin.String(HomeAddon.8.Label))]</label>
                        <onclick>SetFocus(9000)</onclick>
                    </item>
                    <item id="502" description="ScriptCustom">
                        <visible>!String.IsEmpty(Skin.String(HomeAddon.8.Label)) + !String.IsEmpty(Skin.String(HomeAddon.8.Icon))</visible>
                        <thumb>$INFO[Skin.String(HomeAddon.8.Icon)]</thumb>
                        <label>$INFO[system.addonTitle(Skin.String(HomeAddon.8.Label))]</label>
                        <onclick>SetFocus(9000)</onclick>
                    </item>
                    <item id="502" description="ScriptCustom">
                        <visible>String.IsEmpty(Skin.String(HomeAddon.8.Label))</visible>
                        <thumb>DefaultAddon.png</thumb>
                        <label>+ $LOCALIZE[24009]</label>
                        <onclick>Skin.SetAddon(HomeAddon.8.Label,xbmc.python.script)</onclick>
                    </item>
                    <item id="503" description="ScriptCustom">
                        <visible>!String.IsEmpty(Skin.String(HomeAddon.9.Label)) + String.IsEmpty(Skin.String(HomeAddon.9.Icon))</visible>
                        <thumb>$INFO[system.addonicon(Skin.String(HomeAddon.9.Label))]</thumb>
                        <label>$INFO[system.addonTitle(Skin.String(HomeAddon.9.Label))]</label>
                        <onclick>SetFocus(9000)</onclick>
                    </item>
                    <item id="503" description="ScriptCustom">
                        <visible>!String.IsEmpty(Skin.String(HomeAddon.9.Label)) + !String.IsEmpty(Skin.String(HomeAddon.9.Icon))</visible>
                        <thumb>$INFO[Skin.String(HomeAddon.9.Icon)]</thumb>
                        <label>$INFO[system.addonTitle(Skin.String(HomeAddon.9.Label))]</label>
                        <onclick>SetFocus(9000)</onclick>
                    </item>
                    <item id="503" description="ScriptCustom">
                        <visible>String.IsEmpty(Skin.String(HomeAddon.9.Label))</visible>
                        <thumb>DefaultAddon.png</thumb>
                        <label>+ $LOCALIZE[24009]</label>
                        <onclick>Skin.SetAddon(HomeAddon.9.Label,xbmc.python.script)</onclick>
                    </item>
                    <item id="504" description="ScriptCustom">
                        <visible>!String.IsEmpty(Skin.String(HomeAddon.10.Label)) + String.IsEmpty(Skin.String(HomeAddon.10.Icon))</visible>
                        <thumb>$INFO[system.addonicon(Skin.String(HomeAddon.10.Label))]</thumb>
                        <label>$INFO[system.addonTitle(Skin.String(HomeAddon.10.Label))]</label>
                        <onclick>SetFocus(9000)</onclick>
                    </item>
                    <item id="504" description="ScriptCustom">
                        <visible>!String.IsEmpty(Skin.String(HomeAddon.10.Label)) + !String.IsEmpty(Skin.String(HomeAddon.10.Icon))</visible>
                        <thumb>$INFO[Skin.String(HomeAddon.10.Icon)]</thumb>
                        <label>$INFO[system.addonTitle(Skin.String(HomeAddon.10.Label))]</label>
                        <onclick>SetFocus(9000)</onclick>
                    </item>
                    <item id="504" description="ScriptCustom">
                        <visible>String.IsEmpty(Skin.String(HomeAddon.10.Label))</visible>
                        <thumb>DefaultAddon.png</thumb>
                        <label>+ $LOCALIZE[24009]</label>
                        <onclick>Skin.SetAddon(HomeAddon.10.Label,xbmc.python.script)</onclick>
                    </item>
                    <item id="505" description="ScriptCustom">
                        <visible>!String.IsEmpty(Skin.String(HomeAddon.11.Label)) + String.IsEmpty(Skin.String(HomeAddon.11.Icon))</visible>
                        <thumb>$INFO[system.addonicon(Skin.String(HomeAddon.11.Label))]</thumb>
                        <label>$INFO[system.addonTitle(Skin.String(HomeAddon.11.Label))]</label>
                        <onclick>SetFocus(9000)</onclick>
                    </item>
                    <item id="505" description="ScriptCustom">
                        <visible>!String.IsEmpty(Skin.String(HomeAddon.11.Label)) + !String.IsEmpty(Skin.String(HomeAddon.11.Icon))</visible>
                        <thumb>$INFO[Skin.String(HomeAddon.11.Icon)]</thumb>
                        <label>$INFO[system.addonTitle(Skin.String(HomeAddon.11.Label))]</label>
                        <onclick>SetFocus(9000)</onclick>
                    </item>
                    <item id="505" description="ScriptCustom">
                        <visible>String.IsEmpty(Skin.String(HomeAddon.11.Label))</visible>
                        <thumb>DefaultAddon.png</thumb>
                        <label>+ $LOCALIZE[24009]</label>
                        <onclick>Skin.SetAddon(HomeAddon.11.Label,xbmc.python.script)</onclick>
                    </item>
                    <item id="506" description="ScriptCustom">
                        <visible>!String.IsEmpty(Skin.String(HomeAddon.12.Label)) + String.IsEmpty(Skin.String(HomeAddon.12.Icon))</visible>
                        <thumb>$INFO[system.addonicon(Skin.String(HomeAddon.12.Label))]</thumb>
                        <label>$INFO[system.addonTitle(Skin.String(HomeAddon.12.Label))]</label>
                        <onclick>SetFocus(9000)</onclick>
                    </item>
                    <item id="506" description="ScriptCustom">
                        <visible>!String.IsEmpty(Skin.String(HomeAddon.12.Label)) + !String.IsEmpty(Skin.String(HomeAddon.12.Icon))</visible>
                        <thumb>$INFO[Skin.String(HomeAddon.12.Icon)]</thumb>
                        <label>$INFO[system.addonTitle(Skin.String(HomeAddon.12.Label))]</label>
                        <onclick>SetFocus(9000)</onclick>
                    </item>
                    <item id="506" description="ScriptCustom">
                        <visible>String.IsEmpty(Skin.String(HomeAddon.12.Label))</visible>
                        <thumb>DefaultAddon.png</thumb>
                        <label>+ $LOCALIZE[24009]</label>
                        <onclick>Skin.SetAddon(HomeAddon.12.Label,xbmc.python.script)</onclick>
                    </item>
                    <item id="347" description="Sources">
                        <visible>!Skin.HasSetting(hideSources)</visible>
                        <thumb>icons/sources.png</thumb>
                        <label>20094</label>
                        <onclick>Skin.ToggleSetting(hideSources)</onclick>
                    </item>
                    <item id="347" description="Sources">
                        <visible>Skin.HasSetting(hideSources)</visible>
                        <thumb>icons/off.png</thumb>
                        <label>20094</label>
                        <onclick>Skin.ToggleSetting(hideSources)</onclick>
                    </item>
                    <item id="361" description="video root">
                        <visible>!Skin.HasSetting(hidevidroot)</visible>
                        <thumb>icons/vidroot.png</thumb>
                        <label>3</label>
                        <onclick>Skin.ToggleSetting(hidevidroot)</onclick>
                    </item>
                    <item id="361" description="video root">
                        <visible>Skin.HasSetting(hidevidroot)</visible>
                        <thumb>icons/off.png</thumb>
                        <label>3</label>
                        <onclick>Skin.ToggleSetting(hidevidroot)</onclick>
                    </item>
                    <item id="1012" description="Browser">
                        <visible>!Skin.HasSetting(hidebro)</visible>
                        <thumb>icons/browser.png</thumb>
                        <label>7</label>
                        <onclick>Skin.ToggleSetting(hidebro)</onclick>
                    </item>
                    <item id="1012" description="Browser">
                        <visible>Skin.HasSetting(hidebro)</visible>
                        <thumb>icons/off.png</thumb>
                        <label>7</label>
                        <onclick>Skin.ToggleSetting(hidebro)</onclick>
                    </item>
                    <item id="1113" description="Settings">
                        <visible>!Skin.HasSetting(hidesett)</visible>
                        <thumb>icons/settings.png</thumb>
                        <label>5</label>
                        <onclick>Skin.ToggleSetting(hidesett)</onclick>
                    </item>
                    <item id="1113" description="Settings">
                        <visible>Skin.HasSetting(hidesett)</visible>
                        <thumb>icons/off.png</thumb>
                        <label>5</label>
                        <onclick>Skin.ToggleSetting(hidesett)</onclick>
                    </item>
                </content>
        </control>
            <control type="group" id="520" description="PICTURES">
                <visible>Container(50).HasFocus(1004)</visible>
                <top>120</top>
                <left>260</left>
                <control type="radiobutton" id="303" description="Custom">
                    <onup>300</onup>
                    <ondown>52</ondown>
                    <include>SettingsSubmenuButtons</include>
                    <label>31051</label>
                    <onclick>Skin.ToggleSetting(PicturesShelf_Custom)</onclick>
                    <selected>Skin.HasSetting(PicturesShelf_Custom)</selected>
                </control>
            </control>
            <control type="panel" id="52">
                <enable>!Skin.HasSetting(hidepic)</enable>
                <visible>Container(50).HasFocus(1004)</visible>
                <visible>Skin.HasSetting(PicturesShelf_Custom)</visible>
                <include>CustomizerList</include>
                <content>
                    <item id="1">
                        <label>$INFO[system.addonTitle(Skin.String(ShelfPictures.1.Label))]</label>
                        <label2>addon</label2>
                        <thumb>$INFO[system.addonicon(Skin.String(ShelfPictures.1.Label))]</thumb>
                        <onclick>Skin.SetAddon(ShelfPictures.1.Label,xbmc.python.pluginsource)</onclick>
                    </item>
                    <item id="2">
                        <label>$INFO[system.addonTitle(Skin.String(ShelfPictures.2.Label))]</label>
                        <label2>addon</label2>
                        <thumb>$INFO[system.addonicon(Skin.String(ShelfPictures.2.Label))]</thumb>
                        <onclick>Skin.SetAddon(ShelfPictures.2.Label,xbmc.python.pluginsource)</onclick>
                    </item>
                    <item id="3">
                        <label>$INFO[system.addonTitle(Skin.String(ShelfPictures.3.Label))]</label>
                        <label2>addon</label2>
                        <thumb>$INFO[system.addonicon(Skin.String(ShelfPictures.3.Label))]</thumb>
                        <onclick>Skin.SetAddon(ShelfPictures.3.Label,xbmc.python.pluginsource)</onclick>
                    </item>
                    <item id="4">
                        <label>$INFO[system.addonTitle(Skin.String(ShelfPictures.4.Label))]</label>
                        <label2>addon</label2>
                        <thumb>$INFO[system.addonicon(Skin.String(ShelfPictures.4.Label))]</thumb>
                        <onclick>Skin.SetAddon(ShelfPictures.4.Label,xbmc.python.pluginsource)</onclick>
                    </item>
                    <item id="5">
                        <label>$INFO[system.addonTitle(Skin.String(ShelfPictures.5.Label))]</label>
                        <label2>addon</label2>
                        <thumb>$INFO[system.addonicon(Skin.String(ShelfPictures.5.Label))]</thumb>
                        <onclick>Skin.SetAddon(ShelfPictures.5.Label,xbmc.python.pluginsource)</onclick>
                    </item>
                    <item id="6" description="script">
                        <label>$INFO[system.addonTitle(Skin.String(ShelfPictures.6.Label))]</label>
                        <label2>script</label2>
                        <thumb>$INFO[system.addonicon(Skin.String(ShelfPictures.6.Label))]</thumb>
                        <onclick>Skin.SetAddon(ShelfPictures.6.Label,xbmc.python.script)</onclick>
                    </item>
                    <item id="7" description="script">
                        <label>$INFO[system.addonTitle(Skin.String(ShelfPictures.7.Label))]</label>
                        <label2>script</label2>
                        <thumb>$INFO[system.addonicon(Skin.String(ShelfPictures.7.Label))]</thumb>
                        <onclick>Skin.SetAddon(ShelfPictures.7.Label,xbmc.python.script)</onclick>
                    </item>
                    <item id="8" description="script">
                        <label>$INFO[system.addonTitle(Skin.String(ShelfPictures.8.Label))]</label>
                        <label2>script</label2>
                        <thumb>$INFO[system.addonicon(Skin.String(ShelfPictures.8.Label))]</thumb>
                        <onclick>Skin.SetAddon(ShelfPictures.8.Label,xbmc.python.script)</onclick>
                    </item>
                    <item id="9" description="script">
                        <label>$INFO[system.addonTitle(Skin.String(ShelfPictures.9.Label))]</label>
                        <label2>script</label2>
                        <thumb>$INFO[system.addonicon(Skin.String(ShelfPictures.9.Label))]</thumb>
                        <onclick>Skin.SetAddon(ShelfPictures.9.Label,xbmc.python.script)</onclick>
                    </item>
                    <item id="10" description="script">
                        <label>$INFO[system.addonTitle(Skin.String(ShelfPictures.10.Label))]</label>
                        <label2>script</label2>
                        <thumb>$INFO[system.addonicon(Skin.String(ShelfPictures.10.Label))]</thumb>
                        <onclick>Skin.SetAddon(ShelfPictures.10.Label,xbmc.python.script)</onclick>
                    </item>
                    <item id="11" description="fav">
                        <label>$INFO[Skin.String(ShelfPictures.11.Label)]</label>
                        <label2>favourite</label2>
                        <thumb>$INFO[Skin.String(ShelfPictures.11.Icon)]</thumb>
                        <onclick>RunScript(script.favourites,property=ShelfPictures.11)</onclick>
                    </item>
                    <item id="12" description="fav">
                        <label>$INFO[Skin.String(ShelfPictures.12.Label)]</label>
                        <label2>favourite</label2>
                        <thumb>$INFO[Skin.String(ShelfPictures.12.Icon)]</thumb>
                        <onclick>RunScript(script.favourites,property=ShelfPictures.12)</onclick>
                    </item>
                </content>
            </control>
            <control type="group" id="520" description="ADDONS">
                <visible>Container(50).HasFocus(1005)</visible>
                <top>70</top>
                <left>260</left>
                <control type="radiobutton" id="303" description="Custom">
                    <onup>300</onup>
                    <ondown>52</ondown>
                    <include>SettingsSubmenuButtons</include>
                    <label>31051</label>
                    <onclick>Skin.ToggleSetting(AddonsShelf_Custom)</onclick>
                    <selected>Skin.HasSetting(AddonsShelf_Custom)</selected>
                </control>
            </control>
            <control type="panel" id="52">
                <top>120</top>
                <enable>!Skin.HasSetting(hideaddon)</enable>
                <visible>Container(50).HasFocus(1005)</visible>
                <visible>Skin.HasSetting(AddonsShelf_Custom)</visible>
                <include>CustomizerList</include>
                <content>
                    <item id="1">
                        <label>$INFO[system.addonTitle(Skin.String(ShelfAddons.1.Label))]</label>
                        <label2>Addon</label2>
                        <thumb>$INFO[system.addonicon(Skin.String(ShelfAddons.1.Label))]</thumb>
                        <onclick>Skin.SetAddon(ShelfAddons.1.Label,xbmc.python.pluginsource)</onclick>
                    </item>
                    <item id="2">
                        <label>$INFO[system.addonTitle(Skin.String(ShelfAddons.2.Label))]</label>
                        <label2>Addon</label2>
                        <thumb>$INFO[system.addonicon(Skin.String(ShelfAddons.2.Label))]</thumb>
                        <onclick>Skin.SetAddon(ShelfAddons.2.Label,xbmc.python.pluginsource)</onclick>
                    </item>
                    <item id="3">
                        <label>$INFO[system.addonTitle(Skin.String(ShelfAddons.3.Label))]</label>
                        <label2>Addon</label2>
                        <thumb>$INFO[system.addonicon(Skin.String(ShelfAddons.3.Label))]</thumb>
                        <onclick>Skin.SetAddon(ShelfAddons.3.Label,xbmc.python.pluginsource)</onclick>
                    </item>
                    <item id="4">
                        <label>$INFO[system.addonTitle(Skin.String(ShelfAddons.4.Label))]</label>
                        <label2>Addon</label2>
                        <thumb>$INFO[system.addonicon(Skin.String(ShelfAddons.4.Label))]</thumb>
                        <onclick>Skin.SetAddon(ShelfAddons.4.Label,xbmc.python.pluginsource)</onclick>
                    </item>
                    <item id="5">
                        <label>$INFO[system.addonTitle(Skin.String(ShelfAddons.5.Label))]</label>
                        <label2>Addon</label2>
                        <thumb>$INFO[system.addonicon(Skin.String(ShelfAddons.5.Label))]</thumb>
                        <onclick>Skin.SetAddon(ShelfAddons.5.Label,xbmc.python.pluginsource)</onclick>
                    </item>
                    <item id="6">
                        <label>$INFO[system.addonTitle(Skin.String(ShelfAddons.6.Label))]</label>
                        <label2>Addon</label2>
                        <thumb>$INFO[system.addonicon(Skin.String(ShelfAddons.6.Label))]</thumb>
                        <onclick>Skin.SetAddon(ShelfAddons.6.Label,xbmc.python.pluginsource)</onclick>
                    </item>
                    <item id="7">
                        <label>$INFO[system.addonTitle(Skin.String(ShelfAddons.7.Label))]</label>
                        <label2>Addon</label2>
                        <thumb>$INFO[system.addonicon(Skin.String(ShelfAddons.7.Label))]</thumb>
                        <onclick>Skin.SetAddon(ShelfAddons.7.Label,xbmc.python.pluginsource)</onclick>
                    </item>
                    <item id="8">
                        <label>$INFO[system.addonTitle(Skin.String(ShelfAddons.8.Label))]</label>
                        <label2>Addon</label2>
                        <thumb>$INFO[system.addonicon(Skin.String(ShelfAddons.8.Label))]</thumb>
                        <onclick>Skin.SetAddon(ShelfAddons.8.Label,xbmc.python.pluginsource)</onclick>
                    </item>
                    <item id="9">
                        <label>$INFO[system.addonTitle(Skin.String(ShelfAddons.9.Label))]</label>
                        <label2>Addon</label2>
                        <thumb>$INFO[system.addonicon(Skin.String(ShelfAddons.9.Label))]</thumb>
                        <onclick>Skin.SetAddon(ShelfAddons.9.Label,xbmc.python.pluginsource)</onclick>
                    </item>
                    <item id="10">
                        <label>$INFO[system.addonTitle(Skin.String(ShelfAddons.10.Label))]</label>
                        <label2>Addon</label2>
                        <thumb>$INFO[system.addonicon(Skin.String(ShelfAddons.10.Label))]</thumb>
                        <onclick>Skin.SetAddon(ShelfAddons.10.Label,xbmc.python.pluginsource)</onclick>
                    </item>
                    <item id="11">
                        <label>$INFO[system.addonTitle(Skin.String(ShelfAddons.11.Label))]</label>
                        <label2>Script</label2>
                        <thumb>$INFO[system.addonicon(Skin.String(ShelfAddons.11.Label))]</thumb>
                        <onclick>Skin.SetAddon(ShelfAddons.11.Label,xbmc.python.script)</onclick>
                    </item>
                    <item id="12">
                        <label>$INFO[system.addonTitle(Skin.String(ShelfAddons.12.Label))]</label>
                        <label2>Script</label2>
                        <thumb>$INFO[system.addonicon(Skin.String(ShelfAddons.12.Label))]</thumb>
                        <onclick>Skin.SetAddon(ShelfAddons.12.Label,xbmc.python.script)</onclick>
                    </item>
                    <item id="13">
                        <label>$INFO[system.addonTitle(Skin.String(ShelfAddons.13.Label))]</label>
                        <label2>Script</label2>
                        <thumb>$INFO[system.addonicon(Skin.String(ShelfAddons.13.Label))]</thumb>
                        <onclick>Skin.SetAddon(ShelfAddons.13.Label,xbmc.python.script)</onclick>
                    </item>
                    <item id="14">
                        <label>$INFO[system.addonTitle(Skin.String(ShelfAddons.14.Label))]</label>
                        <label2>Script</label2>
                        <thumb>$INFO[system.addonicon(Skin.String(ShelfAddons.14.Label))]</thumb>
                        <onclick>Skin.SetAddon(ShelfAddons.14.Label,xbmc.python.script)</onclick>
                    </item>
                    <item id="15">
                        <label>$INFO[system.addonTitle(Skin.String(ShelfAddons.15.Label))]</label>
                        <label2>Script</label2>
                        <thumb>$INFO[system.addonicon(Skin.String(ShelfAddons.15.Label))]</thumb>
                        <onclick>Skin.SetAddon(ShelfAddons.15.Label,xbmc.python.script)</onclick>
                    </item>
                    <item id="16">
                        <label>$INFO[Skin.String(ShelfAddons.16.Label)]</label>
                        <label2>Favourite</label2>
                        <thumb>$INFO[Skin.String(ShelfAddons.16.Icon)]</thumb>
                        <onclick>RunScript(script.favourites,property=ShelfAddons.16)</onclick>
                    </item>
                    <item id="17">
                        <label>$INFO[Skin.String(ShelfAddons.17.Label)]</label>
                        <label2>Favourite</label2>
                        <thumb>$INFO[Skin.String(ShelfAddons.17.Icon)]</thumb>
                        <onclick>RunScript(script.favourites,property=ShelfAddons.17)</onclick>
                    </item>
                    <item id="18">
                        <label>$INFO[Skin.String(ShelfAddons.18.Label)]</label>
                        <label2>Favourite</label2>
                        <thumb>$INFO[Skin.String(ShelfAddons.18.Icon)]</thumb>
                        <onclick>RunScript(script.favourites,property=ShelfAddons.18)</onclick>
                    </item>
                </content>
            </control>
            <control type="group" description="VADDONS">
                <visible>Container(50).HasFocus(1013)</visible>
                <top>30</top>
                <left>40</left>
                <control type="label">
                    <top>40</top>
                    <left>20</left>
                    <width>1000</width>
                    <textcolor>gray</textcolor>
                    <font>size22</font>
                    <label>Scroll Right to Add > 10 Addons > 5 Scripts</label>
                </control>
            </control>
            <control type="panel" id="520">
                <enable>!Skin.HasSetting(hidevaddons)</enable>
                <visible>Container(50).HasFocus(1013)</visible>
                <include>CustomizerList</include>
                <content>
                    <item id="1">
                        <label>$INFO[system.addonTitle(Skin.String(ShelfVaddons.1.Label))]</label>
                        <label2>Addon</label2>
                        <thumb>$INFO[system.addonicon(Skin.String(ShelfVaddons.1.Label))]</thumb>
                        <onclick>Skin.SetAddon(ShelfVaddons.1.Label,xbmc.python.pluginsource)</onclick>
                    </item>
                    <item id="2">
                        <label>$INFO[system.addonTitle(Skin.String(ShelfVaddons.2.Label))]</label>
                        <label2>Addon</label2>
                        <thumb>$INFO[system.addonicon(Skin.String(ShelfVaddons.2.Label))]</thumb>
                        <onclick>Skin.SetAddon(ShelfVaddons.2.Label,xbmc.python.pluginsource)</onclick>
                    </item>
                    <item id="3">
                        <label>$INFO[system.addonTitle(Skin.String(ShelfVaddons.3.Label))]</label>
                        <label2>Addon</label2>
                        <thumb>$INFO[system.addonicon(Skin.String(ShelfVaddons.3.Label))]</thumb>
                        <onclick>Skin.SetAddon(ShelfVaddons.3.Label,xbmc.python.pluginsource)</onclick>
                    </item>
                    <item id="4">
                        <label>$INFO[system.addonTitle(Skin.String(ShelfVaddons.4.Label))]</label>
                        <label2>Addon</label2>
                        <thumb>$INFO[system.addonicon(Skin.String(ShelfVaddons.4.Label))]</thumb>
                        <onclick>Skin.SetAddon(ShelfVaddons.4.Label,xbmc.python.pluginsource)</onclick>
                    </item>
                    <item id="5">
                        <label>$INFO[system.addonTitle(Skin.String(ShelfVaddons.5.Label))]</label>
                        <label2>Addon</label2>
                        <thumb>$INFO[system.addonicon(Skin.String(ShelfVaddons.5.Label))]</thumb>
                        <onclick>Skin.SetAddon(ShelfVaddons.5.Label,xbmc.python.pluginsource)</onclick>
                    </item>
                    <item id="6">
                        <label>$INFO[system.addonTitle(Skin.String(ShelfVaddons.6.Label))]</label>
                        <label2>Addon</label2>
                        <thumb>$INFO[system.addonicon(Skin.String(ShelfVaddons.6.Label))]</thumb>
                        <onclick>Skin.SetAddon(ShelfVaddons.6.Label,xbmc.python.pluginsource)</onclick>
                    </item>
                    <item id="7">
                        <label>$INFO[system.addonTitle(Skin.String(ShelfVaddons.7.Label))]</label>
                        <label2>Addon</label2>
                        <thumb>$INFO[system.addonicon(Skin.String(ShelfVaddons.7.Label))]</thumb>
                        <onclick>Skin.SetAddon(ShelfVaddons.7.Label,xbmc.python.pluginsource)</onclick>
                    </item>
                    <item id="8">
                        <label>$INFO[system.addonTitle(Skin.String(ShelfVaddons.8.Label))]</label>
                        <label2>Addon</label2>
                        <thumb>$INFO[system.addonicon(Skin.String(ShelfVaddons.8.Label))]</thumb>
                        <onclick>Skin.SetAddon(ShelfVaddons.8.Label,xbmc.python.pluginsource)</onclick>
                    </item>
                    <item id="9">
                        <label>$INFO[system.addonTitle(Skin.String(ShelfVaddons.9.Label))]</label>
                        <label2>Addon</label2>
                        <thumb>$INFO[system.addonicon(Skin.String(ShelfVaddons.9.Label))]</thumb>
                        <onclick>Skin.SetAddon(ShelfVaddons.9.Label,xbmc.python.pluginsource)</onclick>
                    </item>
                    <item id="10">
                        <label>$INFO[system.addonTitle(Skin.String(ShelfVaddons.10.Label))]</label>
                        <label2>Addon</label2>
                        <thumb>$INFO[system.addonicon(Skin.String(ShelfVaddons.10.Label))]</thumb>
                        <onclick>Skin.SetAddon(ShelfVaddons.10.Label,xbmc.python.pluginsource)</onclick>
                    </item>
                    <item id="11">
                        <label>$INFO[system.addonTitle(Skin.String(ShelfVaddons.11.Label))]</label>
                        <label2>Script</label2>
                        <thumb>$INFO[system.addonicon(Skin.String(ShelfVaddons.11.Label))]</thumb>
                        <onclick>Skin.SetAddon(ShelfVaddons.11.Label,xbmc.python.script)</onclick>
                    </item>
                    <item id="12">
                        <label>$INFO[system.addonTitle(Skin.String(ShelfVaddons.12.Label))]</label>
                        <label2>Script</label2>
                        <thumb>$INFO[system.addonicon(Skin.String(ShelfVaddons.12.Label))]</thumb>
                        <onclick>Skin.SetAddon(ShelfVaddons.12.Label,xbmc.python.script)</onclick>
                    </item>
                    <item id="13">
                        <label>$INFO[system.addonTitle(Skin.String(ShelfVaddons.13.Label))]</label>
                        <label2>Script</label2>
                        <thumb>$INFO[system.addonicon(Skin.String(ShelfVaddons.13.Label))]</thumb>
                        <onclick>Skin.SetAddon(ShelfVaddons.13.Label,xbmc.python.script)</onclick>
                    </item>
                    <item id="14">
                        <label>$INFO[system.addonTitle(Skin.String(ShelfVaddons.14.Label))]</label>
                        <label2>Script</label2>
                        <thumb>$INFO[system.addonicon(Skin.String(ShelfVaddons.14.Label))]</thumb>
                        <onclick>Skin.SetAddon(ShelfVaddons.14.Label,xbmc.python.script)</onclick>
                    </item>
                    <item id="15">
                        <label>$INFO[system.addonTitle(Skin.String(ShelfVaddons.15.Label))]</label>
                        <label2>Script</label2>
                        <thumb>$INFO[system.addonicon(Skin.String(ShelfVaddons.15.Label))]</thumb>
                        <onclick>Skin.SetAddon(ShelfVaddons.15.Label,xbmc.python.script)</onclick>
                    </item>
                    <item id="16">
                        <label>$INFO[Skin.String(ShelfVaddons.16.Label)]</label>
                        <label2>Favourite</label2>
                        <thumb>$INFO[Skin.String(ShelfVaddons.16.Icon)]</thumb>
                        <onclick>RunScript(script.favourites,property=ShelfVaddons.16)</onclick>
                    </item>
                    <item id="17">
                        <label>$INFO[Skin.String(ShelfVaddons.17.Label)]</label>
                        <label2>Favourite</label2>
                        <thumb>$INFO[Skin.String(ShelfVaddons.17.Icon)]</thumb>
                        <onclick>RunScript(script.favourites,property=ShelfVaddons.17)</onclick>
                    </item>
                    <item id="18">
                        <label>$INFO[Skin.String(ShelfVaddons.18.Label)]</label>
                        <label2>Favourite</label2>
                        <thumb>$INFO[Skin.String(ShelfVaddons.18.Icon)]</thumb>
                        <onclick>RunScript(script.favourites,property=ShelfVaddons.18)</onclick>
                    </item>
                </content>
            </control>
            <control type="label" description="ADD STUFF TO MAIN PAGE">
                <visible>[Container(50).HasFocus(601) + String.IsEmpty(Skin.String(HomeFav.1.Label))] | [Container(50).HasFocus(602) + String.IsEmpty(Skin.String(HomeFav.2.Label))] | [Container(50).HasFocus(603) + String.IsEmpty(Skin.String(HomeFav.3.Label))] | [Container(50).HasFocus(604) + String.IsEmpty(Skin.String(HomeFav.4.Label))] | [Container(50).HasFocus(605) + String.IsEmpty(Skin.String(HomeFav.5.Label))] | [Container(50).HasFocus(606) + String.IsEmpty(Skin.String(HomeFav.6.Label))] | [Container(50).HasFocus(607) + String.IsEmpty(Skin.String(HomeFav.7.Label))]
                    | [Container(50).HasFocus(608) + String.IsEmpty(Skin.String(HomeFav.8.Label))] | [Container(50).HasFocus(401) + String.IsEmpty(Skin.String(HomeAddon.1.Label))] | [Container(50).HasFocus(402) + String.IsEmpty(Skin.String(HomeAddon.2.Label))] | [Container(50).HasFocus(403) + String.IsEmpty(Skin.String(HomeAddon.3.Label))] | [Container(50).HasFocus(404) + String.IsEmpty(Skin.String(HomeAddon.4.Label))] | [Container(50).HasFocus(405) + String.IsEmpty(Skin.String(HomeAddon.5.Label))]
                    | [Container(50).HasFocus(406) + String.IsEmpty(Skin.String(HomeAddon.6.Label))] | [Container(50).HasFocus(501) + String.IsEmpty(Skin.String(HomeAddon.7.Label))] | [Container(50).HasFocus(502) + String.IsEmpty(Skin.String(HomeAddon.8.Label))] | [Container(50).HasFocus(503) + String.IsEmpty(Skin.String(HomeAddon.9.Label))] | [Container(50).HasFocus(504) + String.IsEmpty(Skin.String(HomeAddon.10.Label))] | [Container(50).HasFocus(505) + String.IsEmpty(Skin.String(HomeAddon.11.Label))] | [Container(50).HasFocus(506) + String.IsEmpty(Skin.String(HomeAddon.12.Label))]
                </visible>
                <top>200</top>
                <centerleft>960</centerleft>
                <width>1000</width>
                <textcolor>gray</textcolor>
                <font>size30</font>
                <align>center</align>
                <label>31034</label>
            </control>
            <control type="label" description="Change Icon or remove">
                <visible>[Container(50).HasFocus(601) + !String.IsEmpty(Skin.String(HomeFav.1.Label))] | [Container(50).HasFocus(602) + !String.IsEmpty(Skin.String(HomeFav.2.Label))] | [Container(50).HasFocus(603) + !String.IsEmpty(Skin.String(HomeFav.3.Label))] | [Container(50).HasFocus(604) + !String.IsEmpty(Skin.String(HomeFav.4.Label))] | [Container(50).HasFocus(605) + !String.IsEmpty(Skin.String(HomeFav.5.Label))] | [Container(50).HasFocus(606) + !String.IsEmpty(Skin.String(HomeFav.6.Label))] | [Container(50).HasFocus(607) + !String.IsEmpty(Skin.String(HomeFav.7.Label))]
                    | [Container(50).HasFocus(608) + !String.IsEmpty(Skin.String(HomeFav.8.Label))] | [Container(50).HasFocus(401) + !String.IsEmpty(Skin.String(HomeAddon.1.Label))] | [Container(50).HasFocus(402) + !String.IsEmpty(Skin.String(HomeAddon.2.Label))] | [Container(50).HasFocus(403) + !String.IsEmpty(Skin.String(HomeAddon.3.Label))] | [Container(50).HasFocus(404) + !String.IsEmpty(Skin.String(HomeAddon.4.Label))] | [Container(50).HasFocus(405) + !String.IsEmpty(Skin.String(HomeAddon.5.Label))]
                    | [Container(50).HasFocus(406) + !String.IsEmpty(Skin.String(HomeAddon.6.Label))] | [Container(50).HasFocus(501) + !String.IsEmpty(Skin.String(HomeAddon.7.Label))] | [Container(50).HasFocus(502) + !String.IsEmpty(Skin.String(HomeAddon.8.Label))] | [Container(50).HasFocus(503) + !String.IsEmpty(Skin.String(HomeAddon.9.Label))] | [Container(50).HasFocus(504) + !String.IsEmpty(Skin.String(HomeAddon.10.Label))] | [Container(50).HasFocus(505) + !String.IsEmpty(Skin.String(HomeAddon.11.Label))] | [Container(50).HasFocus(506) + !String.IsEmpty(Skin.String(HomeAddon.12.Label))]
                </visible>
                <top>200</top>
                <centerleft>960</centerleft>
                <width>1000</width>
                <textcolor>gray</textcolor>
                <font>size30</font>
                <align>center</align>
                <label>31035</label>
            </control>

            <control type="group" id="520" description="WEATHER">
                <top>60</top>
                <left>60</left>
                <visible>Container(50).HasFocus(1006)</visible>
                <control type="label">
                    <left>450</left>
                    <top>80</top>
                    <width>900</width>
                    <height>60</height>
                    <align>center</align>
                    <textcolor>gray</textcolor>
                    <font>size26</font>
                    <label>Current Location:</label>
                </control>
                <control type="label">
                    <left>450</left>
                    <top>150</top>
                    <width>900</width>
                    <height>60</height>
                    <align>center</align>
                    <font>size60B</font>
                    <label>$INFO[Weather.Location]</label>
                </control>
                <control type="button" id="100">
                    <ondown>50</ondown>
                    <left>750</left>
                    <top>250</top>
                    <width>300</width>
                    <height>81</height>
                    <align>center</align>
                    <label>5</label>
                    <enable>!Skin.HasSetting(hidewtr)</enable>
                    <onclick>activatewindow(weathersettings)</onclick>
                </control>
            </control>
        </control>
        <control type="group" description="Options">
            <visible allowhiddenfocus="true">ControlGroup(9000).HasFocus() | ControlGroup(9001).HasFocus()</visible>
            <control type="image">
                <left>525</left>
                <top>200</top>
                <width>870</width>
                <height>560</height>
                <texture border="150">images/Dialog.png</texture>
            </control>
            <control type="label" description="Dialog heading">
                <left>550</left>
                <top>360</top>
                <width>820</width>
                <height>52</height>
                <label>[B]Favourite Options[/B]</label>
                <align>center</align>
                <aligny>center</aligny>
                <font>size36</font>
                <textcolor>maindim</textcolor>
            </control>
            <control type="grouplist" id="9000">
                <visible>!ControlGroup(9001).HasFocus()</visible>
                <include>DialogGLs</include>
                <control type="button" id="666">
                    <include>DialogButt</include>
                    <label>$LOCALIZE[31056]</label>
                    <onclick condition="Container(50).Hasfocus(601)">Skin.SetImage(HomeFav.1.Icon,,special://skin/icons)</onclick>
                    <onclick condition="Container(50).Hasfocus(602)">Skin.SetImage(HomeFav.2.Icon,,special://skin/icons)</onclick>
                    <onclick condition="Container(50).Hasfocus(603)">Skin.SetImage(HomeFav.3.Icon,,special://skin/icons)</onclick>
                    <onclick condition="Container(50).Hasfocus(604)">Skin.SetImage(HomeFav.4.Icon,,special://skin/icons)</onclick>
                    <onclick condition="Container(50).Hasfocus(605)">Skin.SetImage(HomeFav.5.Icon,,special://skin/icons)</onclick>
                    <onclick condition="Container(50).Hasfocus(606)">Skin.SetImage(HomeFav.6.Icon,,special://skin/icons)</onclick>
                    <onclick condition="Container(50).Hasfocus(607)">Skin.SetImage(HomeFav.7.Icon,,special://skin/icons)</onclick>
                    <onclick condition="Container(50).Hasfocus(608)">Skin.SetImage(HomeFav.8.Icon,,special://skin/icons)</onclick>
                    <onclick condition="Container(50).Hasfocus(401)">Skin.SetImage(HomeAddon.1.Icon,,special://skin/icons)</onclick>
                    <onclick condition="Container(50).Hasfocus(402)">Skin.SetImage(HomeAddon.2.Icon,,special://skin/icons)</onclick>
                    <onclick condition="Container(50).Hasfocus(403)">Skin.SetImage(HomeAddon.3.Icon,,special://skin/icons)</onclick>
                    <onclick condition="Container(50).Hasfocus(404)">Skin.SetImage(HomeAddon.4.Icon,,special://skin/icons)</onclick>
                    <onclick condition="Container(50).Hasfocus(405)">Skin.SetImage(HomeAddon.5.Icon,,special://skin/icons)</onclick>
                    <onclick condition="Container(50).Hasfocus(406)">Skin.SetImage(HomeAddon.6.Icon,,special://skin/icons)</onclick>
                    <onclick condition="Container(50).Hasfocus(501)">Skin.SetImage(HomeAddon.7.Icon,,special://skin/icons)</onclick>
                    <onclick condition="Container(50).Hasfocus(502)">Skin.SetImage(HomeAddon.8.Icon,,special://skin/icons)</onclick>
                    <onclick condition="Container(50).Hasfocus(503)">Skin.SetImage(HomeAddon.9.Icon,,special://skin/icons)</onclick>
                    <onclick condition="Container(50).Hasfocus(504)">Skin.SetImage(HomeAddon.10.Icon,,special://skin/icons)</onclick>
                    <onclick condition="Container(50).Hasfocus(505)">Skin.SetImage(HomeAddon.11.Icon,,special://skin/icons)</onclick>
                    <onclick condition="Container(50).Hasfocus(506)">Skin.SetImage(HomeAddon.12.Icon,,special://skin/icons)</onclick>
                    <onclick>SetFocus(50)</onclick>
                </control>
                <control type="button" id="667">
                    <include>DialogButt</include>
                    <label>$LOCALIZE[31057]</label>
                    <onclick condition="Container(50).Hasfocus(601)">RunScript(script.favourites,property=HomeFav.1)</onclick>
                    <onclick condition="Container(50).Hasfocus(602)">RunScript(script.favourites,property=HomeFav.2)</onclick>
                    <onclick condition="Container(50).Hasfocus(603)">RunScript(script.favourites,property=HomeFav.3)</onclick>
                    <onclick condition="Container(50).Hasfocus(604)">RunScript(script.favourites,property=HomeFav.4)</onclick>
                    <onclick condition="Container(50).Hasfocus(605)">RunScript(script.favourites,property=HomeFav.5)</onclick>
                    <onclick condition="Container(50).Hasfocus(606)">RunScript(script.favourites,property=HomeFav.6)</onclick>
                    <onclick condition="Container(50).Hasfocus(607)">RunScript(script.favourites,property=HomeFav.7)</onclick>
                    <onclick condition="Container(50).Hasfocus(608)">RunScript(script.favourites,property=HomeFav.8)</onclick>
                    <onclick condition="Container(50).Hasfocus(401)">Skin.SetAddon(HomeAddon.1.Label,xbmc.python.pluginsource)</onclick>
                    <onclick condition="Container(50).Hasfocus(401)">Skin.Reset(HomeAddon.1.Icon)</onclick>
                    <onclick condition="Container(50).Hasfocus(402)">Skin.SetAddon(HomeAddon.2.Label,xbmc.python.pluginsource)</onclick>
                    <onclick condition="Container(50).Hasfocus(402)">Skin.Reset(HomeAddon.2.Icon)</onclick>
                    <onclick condition="Container(50).Hasfocus(403)">Skin.SetAddon(HomeAddon.3.Label,xbmc.python.pluginsource)</onclick>
                    <onclick condition="Container(50).Hasfocus(403)">Skin.Reset(HomeAddon.3.Icon)</onclick>
                    <onclick condition="Container(50).Hasfocus(404)">Skin.SetAddon(HomeAddon.4.Label,xbmc.python.pluginsource)</onclick>
                    <onclick condition="Container(50).Hasfocus(404)">Skin.Reset(HomeAddon.4.Icon)</onclick>
                    <onclick condition="Container(50).Hasfocus(405)">Skin.SetAddon(HomeAddon.5.Label,xbmc.python.pluginsource)</onclick>
                    <onclick condition="Container(50).Hasfocus(405)">Skin.Reset(HomeAddon.5.Icon)</onclick>
                    <onclick condition="Container(50).Hasfocus(406)">Skin.SetAddon(HomeAddon.6.Label,xbmc.python.pluginsource)</onclick>
                    <onclick condition="Container(50).Hasfocus(406)">Skin.Reset(HomeAddon.6.Icon)</onclick>
                    <onclick condition="Container(50).Hasfocus(501)">Skin.SetAddon(HomeAddon.7.Label,xbmc.python.script)</onclick>
                    <onclick condition="Container(50).Hasfocus(501)">Skin.Reset(HomeAddon.7.Icon)</onclick>
                    <onclick condition="Container(50).Hasfocus(502)">Skin.SetAddon(HomeAddon.8.Label,xbmc.python.script)</onclick>
                    <onclick condition="Container(50).Hasfocus(502)">Skin.Reset(HomeAddon.8.Icon)</onclick>
                    <onclick condition="Container(50).Hasfocus(503)">Skin.SetAddon(HomeAddon.9.Label,xbmc.python.script)</onclick>
                    <onclick condition="Container(50).Hasfocus(503)">Skin.Reset(HomeAddon.9.Icon)</onclick>
                    <onclick condition="Container(50).Hasfocus(504)">Skin.SetAddon(HomeAddon.10.Label,xbmc.python.script)</onclick>
                    <onclick condition="Container(50).Hasfocus(504)">Skin.Reset(HomeAddon.10.Icon)</onclick>
                    <onclick condition="Container(50).Hasfocus(505)">Skin.SetAddon(HomeAddon.11.Label,xbmc.python.script)</onclick>
                    <onclick condition="Container(50).Hasfocus(505)">Skin.Reset(HomeAddon.11.Icon)</onclick>
                    <onclick condition="Container(50).Hasfocus(506)">Skin.SetAddon(HomeAddon.12.Label,xbmc.python.script)</onclick>
                    <onclick condition="Container(50).Hasfocus(506)">Skin.Reset(HomeAddon.12.Icon)</onclick>
                    <onclick>SetFocus(50)</onclick>
                </control>
            </control>
        </control>
    </controls>
</window>
