<?xml version="1.0" encoding="UTF-8"?>
<window>
	<defaultcontrol always="true">50</defaultcontrol>
	<backgroundcolor>background</backgroundcolor>
	<views>50</views>
	<menucontrol>9000</menucontrol>
	<controls>
		<include>BlackBackground</include>
		<control type="group">
			<animation effect="fade" start="100" end="0" time="200" tween="sine" condition="$EXP[infodialog_active]">Conditional</animation>
			<control type="group">
        <control type="label" id="29">
            <description>passes the values up one level</description>
            <visible>False</visible>
        </control>
        <control type="label" id="30">
            <description>passes the values up one level</description>
            <visible>False</visible>
        </control>
        <control type="group">
            <description>Small Media Window</description>
            <include>Icon_Fade</include>
            <control type="image">
                <visible>!Player.HasMedia</visible>
                <left>1090</left>
                <top>30</top>
                <width>760</width>
                <height>495</height>
                <texture>pvr/tvset.png</texture>
            </control>
            <control type="videowindow">
                <left>1090</left>
                <top>30</top>
                <width>760</width>
                <height>495</height>
                <visible>Player.HasVideo</visible>
            </control>
            <control type="visualisation">
                <left>1090</left>
                <top>30</top>
                <width>760</width>
                <height>495</height>
                <visible>Player.HasAudio</visible>
            </control>
        </control>
				<control type="fixedlist" id="50">
					<left>0</left>
					<top>list_y_offset</top>
					<right>918</right>
					<bottom>list_y_offset</bottom>
					<movement>3</movement>
					<focusposition>5</focusposition>
					<scrolltime tween="cubic" easing="out">500</scrolltime>
					<orientation>vertical</orientation>
					<onleft>9000</onleft>
					<onright>73</onright>
					<onup>50</onup>
					<ondown>50</ondown>
					<viewtype label="List">list</viewtype>
					<preloaditems>1</preloaditems>
					<pagecontrol>73</pagecontrol>
					<focusedlayout height="90">
						<control type="image">
							<left>0</left>
							<top>0</top>
							<right>0</right>
							<bottom>0</bottom>
							<texture colordiffuse="$VAR[diffuseselect]">images/buttonselect1.png</texture>
							<visible>Control.hasFocus(50)</visible>
						</control>
						<control type="image">
							<right>20</right>
							<top>5</top>
							<width>130</width>
							<height>90</height>
							<aspectratio align="centre">keep</aspectratio>
							<texture>$INFO[listitem.icon]</texture>
						</control>
						<control type="progress">
							<left>105</left>
							<top>58</top>
							<width>50</width>
							<height>12</height>
							<midtexture border="3">progress/ProgressM.png</midtexture>
							<visible>ListItem.HasEpg</visible>
							<info>ListItem.Progress</info>
						</control>
						<control type="image">
							<right>110</right>
							<top>25</top>
							<width>40</width>
							<height>40</height>
							<texture>$VAR[PVRStatusImageVar]</texture>
						</control>
						<control type="label">
							<left>105</left>
							<top>8</top>
							<height>90</height>
							<right>120</right>
							<aligny>top</aligny>
							<animation effect="slide" start="0,0" end="0,14" time="0" condition="String.IsEmpty(ListItem.Title)">Conditional</animation>
							<label>$INFO[ListItem.Label]</label>
							<shadowcolor>text_shadow</shadowcolor>
						</control>
						<control type="label">
							<left>165</left>
							<top>46</top>
							<height>90</height>
							<right>120</right>
							<aligny>top</aligny>
							<font>robot38</font>
							<label>$INFO[ListItem.Title]</label>
							<shadowcolor>text_shadow</shadowcolor>
						</control>
						<control type="label">
							<left>12</left>
							<top>0</top>
							<height>90</height>
							<width>75</width>
							<align>center</align>
							<aligny>center</aligny>
							<font>robot38</font>
							<label>$INFO[ListItem.ChannelNumberLabel]</label>
							<textcolor>orange</textcolor>
							<shadowcolor>text_shadow</shadowcolor>
						</control>
					</focusedlayout>
					<itemlayout height="90">
						<control type="image">
							<right>20</right>
							<top>5</top>
							<width>130</width>
							<height>90</height>
							<aspectratio align="centre">keep</aspectratio>
							<texture>$INFO[listitem.icon]</texture>
						</control>
						<control type="progress">
							<left>105</left>
							<top>58</top>
							<width>50</width>
							<height>12</height>
							<colordiffuse>88FFFFFF</colordiffuse>
							<midtexture border="3">progress/ProgressM.png</midtexture>
							<visible>ListItem.HasEpg</visible>
							<info>ListItem.Progress</info>
						</control>
						<control type="image">
							<right>110</right>
							<top>25</top>
							<width>40</width>
							<height>40</height>
							<texture>$VAR[PVRStatusImageVar]</texture>
						</control>
						<control type="label">
							<left>105</left>
							<top>8</top>
							<height>90</height>
							<right>120</right>
							<aligny>top</aligny>
							<font>robot38</font>
							<label>$INFO[ListItem.Label]</label>
							<animation effect="slide" start="0,0" end="0,14" time="0" condition="String.IsEmpty(ListItem.Title)">Conditional</animation>
							<shadowcolor>text_shadow</shadowcolor>
						</control>
						<control type="label">
							<left>165</left>
							<top>46</top>
							<height>90</height>
							<right>120</right>
							<aligny>top</aligny>
							<font>robot38</font>
							<label>$INFO[ListItem.Title]</label>
							<shadowcolor>text_shadow</shadowcolor>
							<textcolor>grey</textcolor>
						</control>
						<control type="label">
							<left>12</left>
							<top>0</top>
							<height>90</height>
							<width>75</width>
							<align>center</align>
							<aligny>center</aligny>
							<font>robot38</font>
							<label>$INFO[ListItem.ChannelNumberLabel]</label>
							<textcolor>white</textcolor>
							<shadowcolor>text_shadow</shadowcolor>
						</control>
					</itemlayout>
				</control>
			</control>
			<control type="group">
				<depth>DepthContentPanel</depth>
				<width>870</width>
				<right>0</right>
				<include content="ContentPanel">
					<param name="left" value="-72" />
					<param name="width" value="970" />
					<param name="top" value="-20" />
					<param name="flipx" value="true" />
				</include>
				<control type="scrollbar" id="73">
					<left>-50</left>
					<top>list_y_offset</top>
					<width>12</width>
					<bottom>list_y_offset</bottom>
					<onleft>50</onleft>
					<onright>50</onright>
					<orientation>vertical</orientation>
					<animation effect="zoom" start="100,100" end="50,100" center="-50,0" time="300" tween="sine" easing="inout" condition="!Control.HasFocus(73)">conditional</animation>
				</control>
			</control>
			<include content="TopBar">
				<param name="breadcrumbs_label" value="$VAR[BreadcrumbsPVRChannelsVar]" />
			</include>
			<include content="BottomBar">
				<param name="info_visible" value="true" />
			</include>
			<control type="textbox">
                <description>Times</description>
                <left>1030</left>
                <top>580</top>
                <width>850</width>
                <height>40</height>
                <visible>!String.isempty(ListItem.StartTime)</visible>
                <label>[COLOR yellow]$INFO[ListItem.StartTime]   -   $INFO[ListItem.EndTime][/COLOR]</label>
                <align>center</align>
                <font>robot32</font>
             </control>
			<control type="textbox">
                <description>Title</description>
                <left>1040</left>
                <top>530</top>
                <width>850</width>
                <height>50</height>
                <label>[COLOR red]$INFO[ListItem.Title][/COLOR]</label>
                <scroll>true</scroll>
                <align>center</align>
                <font>robot38</font>
             </control>
			<control type="textbox">
                <description>Plot Value for TVShow</description>
                <left>1040</left>
                <top>630</top>
                <width>850</width>
                <height>380</height>
                <align>justify</align>
                <label>$INFO[ListItem.Plot]</label>
                <autoscroll time="2000" delay="3000" repeat="5000">true</autoscroll>
             </control>
			<control type="label">
				<right>20</right>
				<bottom>10</bottom>
				<width>850</width>
				<height>60</height>
				<visible>!String.isempty(ListItem.NextTitle)</visible>
				<label>[COLOR orange]$LOCALIZE[19031]:[/COLOR] $INFO[ListItem.NextStartTime]: $INFO[ListItem.NextTitle]</label>
				<shadowcolor>black</shadowcolor>
				<align>left</align>
				<aligny>center</aligny>
				<wrapmultiline>true</wrapmultiline>
				<font>robot32</font>
			</control>
			<control type="group">
			</control>
		</control>
		<control type="label" id="29">
			<font></font>
		</control>
		<control type="label" id="30">
			<font></font>
		</control>
		<include>PVRsidemenu</include>
	</controls>
</window>
