<?xml version="1.0" encoding="UTF-8"?>
<window>
    <defaultcontrol always="true">2</defaultcontrol>
    <allowoverlay>yes</allowoverlay>
    <!--<backgroundcolor>background</backgroundcolor>-->
    <include>OpenClose</include>
    <controls>
        <control type="image">
            <width>1920</width>
            <height>1080</height>
            <texture background="true">$VAR[bgimg]</texture>
            <aspectratio align="left">scale</aspectratio>
        </control>
        <control type="label" description="last updated label">
            <centerleft>960</centerleft>
            <bottom>90</bottom>
            <width>1000</width>
            <height>40</height>
            <align>center</align>
            <label>$LOCALIZE[31016] $INFO[Control.GetLabel(11)]</label>
            <textcolor>darkgray</textcolor>
            <font>robot32</font>
        </control>
        <control type="label" id="11" description="last update">
            <top>990</top>
            <width>400</width>
            <height>45</height>
            <label></label>
            <font></font>
        </control>
        <control type="image">
            <width>1920</width>
            <height>1080</height>
            <texture>images/weatherback.png</texture>
            <aspectratio>stretch</aspectratio>
        </control>
        <control type="group">
            <top>22</top>
            <control type="label" id="3">
                <description>Location</description>
                <centerleft>250</centerleft>
                <top>90</top>
                <width>290</width>
                <label></label>
                <font>robot32</font>
                <textcolor>white</textcolor>
                <wrapmultiline>true</wrapmultiline>
                <focusedcolor>white</focusedcolor>
                <selectedcolor>white</selectedcolor>
                <disabledcolor>dimgray</disabledcolor>
                <shadowcolor></shadowcolor>
                <align>center</align>
                <ondown>150</ondown>
            </control>
            <control type="label" description="Temp value">
                <centerleft>730</centerleft>
                <top>120</top>
                <width>250</width>
                <font>robot46</font>
                <textcolor>white</textcolor>
                <shadowcolor></shadowcolor>
                <align>center</align>
                <height>30</height>
                <label>$INFO[Window.Property(Current.Temperature)]°</label>
            </control>
            <control type="list" id="150" description="DAYS">
                <centerleft>480</centerleft>
                <top>210</top>
                <width>750</width>
                <height>245</height>
                <onup>3</onup>
                <ondown>2</ondown>
                <onleft>150</onleft>
                <onright>150</onright>
                <orientation>horizontal</orientation>
                <itemlayout width="107">
                    <control type="label">
                        <centerleft>53</centerleft>
                        <top>0</top>
                        <height>60</height>
                        <width>107</width>
                        <textcolor>white</textcolor>
                        <shadowcolor></shadowcolor>
                        <align>center</align>
                        <font>robot24</font>
                        <label>$INFO[ListItem.label]</label>
                    </control>
                    <control type="label" description="HItemps">
                        <centerleft>53</centerleft>
                        <top>155</top>
                        <height>50</height>
                        <width>107</width>
                        <align>center</align>
                        <font>robot32</font>
                        <textcolor>white</textcolor>
                        <shadowcolor></shadowcolor>
                        <label>$INFO[ListItem.label2]</label>
                    </control>
                    <control type="label" description="LOWtemps">
                        <centerleft>53</centerleft>
                        <top>190</top>
                        <height>50</height>
                        <width>107</width>
                        <align>center</align>
                        <font>robot32</font>
                        <textcolor>lightblue</textcolor>
                        <shadowcolor></shadowcolor>
                        <label>$INFO[ListItem.Property(low)]</label>
                    </control>
                    <control type="image" description="Dayicon">
                        <top>61</top>
                        <height>108</height>
                        <width>105</width>
                        <texture>$INFO[ListItem.thumb]</texture>
                        <aspectratio align="center">keep</aspectratio>
                    </control>
                </itemlayout>
                <focusedlayout width="107">
                    <control type="label">
                        <centerleft>53</centerleft>
                        <top>0</top>
                        <height>60</height>
                        <width>107</width>
                        <textcolor>white</textcolor>
                        <shadowcolor></shadowcolor>
                        <align>center</align>
                        <font>robot32</font>
                        <label>$INFO[ListItem.label]</label>
                    </control>
                    <control type="label" description="HItemps">
                        <centerleft>53</centerleft>
                        <top>155</top>
                        <height>50</height>
                        <width>107</width>
                        <align>center</align>
                        <font>robot32</font>
                        <textcolor>white</textcolor>
                        <shadowcolor></shadowcolor>
                        <label>$INFO[ListItem.label2]</label>
                    </control>
                    <control type="label" description="LOWtemps">
                        <centerleft>53</centerleft>
                        <top>190</top>
                        <height>50</height>
                        <width>107</width>
                        <align>center</align>
                        <font>robot32</font>
                        <textcolor>lightblue</textcolor>
                        <shadowcolor></shadowcolor>
                        <label>$INFO[ListItem.Property(low)]</label>
                    </control>
                    <control type="image" description="Dayicon">
                        <top>61</top>
                        <height>108</height>
                        <width>105</width>
                        <texture>$INFO[ListItem.thumb]</texture>
                        <aspectratio align="center">keep</aspectratio>
                    </control>
                </focusedlayout>
                <content>
                    <item id="0">
                        <label>$INFO[Window.Property(Day0.Title)]</label>
                        <label2>$INFO[Window.Property(Day0.HighTemp)]°</label2>
                        <property name="low">$INFO[Window.Property(Day0.LowTemp)]°</property>
                        <thumb>$INFO[Window.Property(Day0.OutlookIcon)]</thumb>
                        <onclick>noop</onclick>
                    </item>
                    <item id="1">
                        <label>$INFO[Window.Property(Day1.Title)]</label>
                        <label2>$INFO[Window.Property(Day1.HighTemp)]°</label2>
                        <property name="low">$INFO[Window.Property(Day1.LowTemp)]°</property>
                        <thumb>$INFO[Window.Property(Day1.OutlookIcon)]</thumb>
                        <onclick>noop</onclick>
                    </item>
                    <item id="2">
                        <label>$INFO[Window.Property(Day2.Title)]</label>
                        <label2>$INFO[Window.Property(Day2.HighTemp)]°</label2>
                        <property name="low">$INFO[Window.Property(Day2.LowTemp)]°</property>
                        <thumb>$INFO[Window.Property(Day2.OutlookIcon)]</thumb>
                        <onclick>noop</onclick>
                    </item>
                    <item id="3">
                        <label>$INFO[Window.Property(Day3.Title)]</label>
                        <label2>$INFO[Window.Property(Day3.HighTemp)]°</label2>
                        <property name="low">$INFO[Window.Property(Day3.LowTemp)]°</property>
                        <thumb>$INFO[Window.Property(Day3.OutlookIcon)]</thumb>
                        <onclick>noop</onclick>
                    </item>
                    <item id="4">
                        <label>$INFO[Window.Property(Day4.Title)]</label>
                        <label2>$INFO[Window.Property(Day4.HighTemp)]°</label2>
                        <property name="low">$INFO[Window.Property(Day4.LowTemp)]°</property>
                        <thumb>$INFO[Window.Property(Day4.OutlookIcon)]</thumb>
                        <onclick>noop</onclick>
                    </item>
                    <item id="5">
                        <label>$INFO[Window.Property(Day5.Title)]</label>
                        <label2>$INFO[Window.Property(Day5.HighTemp)]°</label2>
                        <property name="low">$INFO[Window.Property(Day5.LowTemp)]°</property>
                        <thumb>$INFO[Window.Property(Day5.OutlookIcon)]</thumb>
                        <onclick>noop</onclick>
                    </item>
                    <item id="6">
                        <label>$INFO[Window.Property(Day6.Title)]</label>
                        <label2>$INFO[Window.Property(Day6.HighTemp)]°</label2>
                        <property name="low">$INFO[Window.Property(Day6.LowTemp)]°</property>
                        <thumb>$INFO[Window.Property(Day6.OutlookIcon)]</thumb>
                        <onclick>noop</onclick>
                    </item>
                </content>
            </control>
        </control>
        <control type="image">
            <width>1920</width>
            <height>1</height>
            <top>1002</top>
            <texture>Lines/line.png</texture>
        </control>
        <control type="image">
            <width>1920</width>
            <height>77</height>
            <top>1003</top>
            <texture colordiffuse="inverted">images/white.png</texture>
        </control>
        <control type="grouplist">
            <top>1003</top>
            <width>1920</width>
            <centerleft>960</centerleft>
            <orientation>horizontal</orientation>
            <align>center</align>
            <onup>noop</onup>
            <control type="button" id="1" description="MapsToggle">
                <width>500</width>
                <font>robot32</font>
                <!--todo label-->
                <label> Select Map</label>
                <align>center</align>
                <onclick condition="StringCompare(Skin.String(maps),4)">Skin.SetString(maps,)</onclick>
                <onclick condition="StringCompare(Skin.String(maps),3)">Skin.SetString(maps,4)</onclick>
                <onclick condition="StringCompare(Skin.String(maps),2)">Skin.SetString(maps,3)</onclick>
                <onclick condition="StringCompare(Skin.String(maps),1)">Skin.SetString(maps,2)</onclick>
                <onclick condition="StringCompare(Skin.String(maps),)">Skin.SetString(maps,1)</onclick>
            </control>
            <control type="button" id="2" description="Refresh">
                <width>500</width>
                <font>robot32</font>
                <label></label>
                <align>center</align>
            </control>
            <control type="button" id="100" description="location toggle">
                <width>500</width>
                <font>robot32</font>
                <label>396</label>
                <onclick>Weather.LocationNext</onclick>
                <align>center</align>
            </control>
        </control>
        <control type="image" description="Current weather OVERLAY">
            <height>540</height>
            <width>960</width>
            <aspectratio>stretch</aspectratio>
            <texture>$INFO[Window.Property(Current.FanartCode),weather/,.png]</texture>
        </control>
        <include>clockandkodi</include>
        <control type="grouplist">
            <top>540</top>
            <left>20</left>
            <height>480</height>
            <width>450</width>
            <control type="label" description="Feels like label">
                <align>right</align>
                <include>weatherinfo</include>
                <label>$LOCALIZE[402] :</label>
            </control>
            <control type="label" description="Current dew value">
                <align>right</align>
                <include>weatherinfo</include>
                <label>$LOCALIZE[405] :</label>
            </control>
            <control type="label" description="Current humidity value">
                <align>right</align>
                <include>weatherinfo</include>
                <label>$LOCALIZE[406] :</label>
            </control>
            <control type="label" description="Current Pressure">
                <align>right</align>
                <include>weatherinfo</include>
                <label>$LOCALIZE[1376] :</label>
            </control>
            <control type="label" description="Current wind value">
                <align>right</align>
                <include>weatherinfo</include>
                <label>$LOCALIZE[404] :</label>
            </control>
            <control type="label" description="Current wind value">
                <align>right</align>
                <include>weatherinfo</include>
                <label>$LOCALIZE[33027] :</label>
            </control>
            <control type="label" description="Current wind value">
                <align>right</align>
                <include>weatherinfo</include>
                <label>$LOCALIZE[33028] :</label>
            </control>
        </control>
        <control type="grouplist">
            <top>540</top>
            <left>480</left>
            <height>480</height>
            <width>450</width>
            <control type="label" description="Feels like label">
                <include>weatherinfo</include>
                <label>$INFO[Window.Property(Current.FeelsLike)]°</label>
            </control>
            <control type="label" description="Current dew value">
                <include>weatherinfo</include>
                <label>$INFO[Window.Property(Current.DewPoint)]°</label>
            </control>
            <control type="label" description="Current humidity value">
                <include>weatherinfo</include>
                <info>Window.Property(Current.Humidity)</info>
            </control>
            <control type="label" description="Current uv label">
                <include>weatherinfo</include>
                <info>Window.Property(Current.Pressure)</info>
            </control>
            <control type="label" description="Current wind value">
                <include>weatherinfo</include>
                <label>$INFO[Window.Property(Current.Wind)]</label>
            </control>
            <control type="label" description="Current wind value">
                <include>weatherinfo</include>
                <label>$INFO[Window.Property(Today.Sunrise)]</label>
            </control>
            <control type="label" description="Current wind value">
                <include>weatherinfo</include>
                <label>$INFO[Window.Property(Today.Sunset)]</label>
            </control>
        </control>
        <!--MAPS-->
        <control type="group">
            <visible>StringCompare(Weather.plugin,weather.openweathermap.extended)</visible>
            <control type="image">
                <left>960</left>
                <centertop>510</centertop>
                <width>860</width>
                <height>860</height>
                <texture colordiffuse="main">images/white.png</texture>
            </control>
            <control type="image">
                <left>965</left>
                <centertop>510</centertop>
                <width>850</width>
                <height>850</height>
                <texture>$INFO[Window(weather).Property(Map.1.Area)]</texture>
                <aspectratio aligny="bottom">keep</aspectratio>
            </control>
            <control type="image">
                <left>965</left>
                <centertop>510</centertop>
                <width>850</width>
                <height>850</height>
                <texture>$VAR[weathermap]</texture>
                <colordiffuse>70ffffff</colordiffuse>
                <aspectratio aligny="bottom">keep</aspectratio>
            </control>
            <control type="image">
                <right>130</right>
                <bottom>160</bottom>
                <width>400</width>
                <height>60</height>
                <texture>$VAR[weatherlegend]</texture>
            </control>
            <control type="label">
                <left>980</left>
                <top>80</top>
                <width>400</width>
                <align>left</align>
                <font>robot42</font>
                <textcolor>black</textcolor>
                <shadowcolor></shadowcolor>
                <label>[UPPERCASE]$VAR[weatherheading][/UPPERCASE]</label>
            </control>
        </control>
        <control type="label">
            <visible>!StringCompare(Weather.plugin,weather.openweathermap.extended)</visible>
            <centerleft>1390</centerleft>
            <centertop>540</centertop>
            <width>660</width>
            <align>center</align>
            <height>500</height>
            <wrapmultiline>true</wrapmultiline>
            <font>robot28</font>
            <shadowcolor></shadowcolor>
            <!--todo label-->
            <label>Install [COLOR orange]OPENWEATHERMAP.EXTENDED[/COLOR][CR]in order to get map views for weather.</label>
        </control>
        <control type="image">
            <centerleft>480</centerleft>
            <bottom>130</bottom>
            <width>300</width>
            <height>80</height>
            <aspectratio>keep</aspectratio>
            <info>Window.Property(WeatherProviderLogo)</info>
        </control>
    </controls>
</window>
