<?xml version="1.0" encoding="UTF-8"?>
<window id="20">
    <backgroundcolor>background</backgroundcolor>
    <defaultcontrol always="true">50</defaultcontrol>
    <allowoverlay>no</allowoverlay>
    <views>50</views>
    <controls>
        <include>BlackBackground</include>
        <control type="group" id="5000">
            <control type="group">
                <control type="panel" id="50">
                    <width>1920</width>
                    <height>1080</height>
                    <onleft>noop</onleft>
                    <onright>noop</onright>
                    <onup>9000</onup>
                    <ondown>9000</ondown>
                    <onclick>info</onclick>
                    <viewtype label="50">List</viewtype>
                    <preloaditems>4</preloaditems>
                    <scrolltime tween="sine" easing="inout">280</scrolltime>
                    <itemlayout width="350" height="400">
                        <control type="image">
                            <top>80</top>
                            <left>80</left>
                            <width>300</width>
                            <height>300</height>
                            <texture fallback="DefaultAddon.png">$INFO[ListItem.Icon]</texture>
                        </control>
                        <control type="textbox" description="Label2">
                            <left>80</left>
                            <top>380</top>
                            <height>81</height>
                            <width>300</width>
                            <font>robot32</font>
                            <align>center</align>
                            <scroll>false</scroll>
                            <textcolor>white</textcolor>
                            <label>$INFO[ListItem.Label][CR]$INFO[ListItem.Label2]</label>
                        </control>
                    </itemlayout>
                    <focusedlayout width="350" height="400">
                        <control type="group">
                            <animation effect="zoom" time="120" start="100" end="118" center="230,300" tween="Back" easing="Out">Focus</animation>
                            <control type="image">
                                <top>120</top>
                                <left>80</left>
                                <height>300</height>
                                <width>300</width>
                                <texture>shadow.png</texture>
                                <visible>!String.IsEmpty(ListItem.Thumb)</visible>
                            </control>
                            <control type="image">
                                <top>80</top>
                                <left>80</left>
                                <width>300</width>
                                <height>300</height>
                                <texture fallback="DefaultAddon.png">$INFO[ListItem.Icon]</texture>
                            </control>
                            <control type="textbox" description="Label2">
                                <left>80</left>
                                <top>380</top>
                                <height>81</height>
                                <width>300</width>
                                <font>robot32</font>
                                <align>center</align>
                                <scroll>false</scroll>
                                <textcolor>orange</textcolor>
                                <label>$INFO[ListItem.Label][CR]$INFO[ListItem.Label2]</label>
                            </control>
                        </control>
                    </focusedlayout>
                </control>
            </control>
        </control>
        <include>WindowsTopInfos</include>
        <control type="group" id="9000">
            <visible allowhiddenfocus="true">ControlGroup(9000).HasFocus()</visible>
            <animation effect="slide" time ="300" start="0,-140" end="0,0">VisibleChange</animation>
            <control type="image">
                <centerleft>960</centerleft>
                <width>2000</width>
                <height>140</height>
                <texture border="8">images/White.png</texture>
                <colordiffuse>bandamusica</colordiffuse>
            </control>
            <control type="button" id="604" description="Settings">
                <top>40</top>
                <align>center</align>
                <width>1920</width>
                <height>60</height>
                <onup>5000</onup>
                <ondown>5000</ondown>
                <onright>noop</onright>
                <onclick>SendClick(5)</onclick>
                <onclick>SetFocus(5000)</onclick>
                <label>$LOCALIZE[10004]</label>
            </control>
        </control>
    </controls>
</window>
