<?xml version="1.0" encoding="UTF-8"?>
<window type="dialog" id="1120">
    <defaultcontrol always="true">9000</defaultcontrol>
    <include>DialogOpenClose</include>
    <controls>
        <control type="group">
            <visible allowhiddenfocus="true">ControlGroup(9000).HasFocus()</visible>
            <include>DialogOpenCloseVisible</include>
            <control type="image" description="List back">
                <centerleft>960</centerleft>
                <centertop>540</centertop>
                <width>840</width>
                <height>460</height>
                <aspectratio>stretch</aspectratio>
                <texture border="150">images/Dialog.png</texture>
            </control>
            <control type="grouplist" id="9000">
                <include>DialogGLs</include>
                <control type="button" id="699">
                    <include>DialogButt</include>
                    <label>$LOCALIZE[128] $LOCALIZE[5]</label>
                    <onclick>Close</onclick>
                    <onclick>ActivateWindow(Settings)</onclick>
                </control>
                <control type="button" id="700">
                    <include>DialogButt</include>
                    <label>20077</label>
                    <onclick>Close</onclick>
                    <onclick>ActivateWindow(SkinSettings)</onclick>
                </control>
                <control type="button" id="701">
                    <include>DialogButt</include>
                    <label>13200</label>
                    <onclick>Close</onclick>
                    <onclick>ActivateWindow(Profiles)</onclick>
                </control>
            </control>
        </control>
    </controls>
</window>
