<?xml version="1.0" encoding="UTF-8"?>
<window type="dialog" id="101">
    <defaultcontrol always="true">10</defaultcontrol>
    <backgroundcolor>background</backgroundcolor>
    <include>DialogOpenClose</include>
    <controls>
        <control type="image">
            <left>270</left>
            <top>210</top>
            <width>1360</width>
            <height>820</height>
            <texture border="150">images/Dialog.png</texture>
        </control>
        <control type="group">
            <left>480</left>
            <top>360</top>
            <control type="label" id="1" description="Heading">
                <width>1000</width>
                <label></label>
                <font>robot38</font>
                <align>center</align>
            </control>
            <control type="textbox" id="9" description="content">
                <left>0</left>
                <top>108</top>
                <label></label>
                <width>1000</width>
                <height>235</height>
                <font>robot38</font>
                <align>center</align>
                <autoscroll>false</autoscroll>
            </control>
            <control type="progress" id="20">
                <left>0</left>
                <top>341</top>
                <width>1000</width>
                <height>22</height>
                <colordiffuse>green</colordiffuse>
                <texturebg border="5,0,5,0">progress/ProgressBG.png</texturebg>
                <midtexture border="0,1,0,1">progress/ProgressM.png</midtexture>
                <righttexture border="1,1,5,1">progress/ProgressR.png</righttexture>
                <lefttexture border="5,1,1,1">progress/ProgressL.png</lefttexture>
            </control>
            <control type="grouplist" id="9000">
                <width>960</width>
                <top>430</top>
                <height>80</height>
                <align>center</align>
                <itemgap>0</itemgap>
                <orientation>horizontal</orientation>
                <control type="button" id="11">
                    <description>OK button</description>
                    <width>300</width>
                    <label>107</label>
                    <textcolor>white</textcolor>
                    <focusedcolor>white</focusedcolor>
                    <align>center</align>
                </control>
                <control type="button" id="10">
                    <description>Cancel button</description>
                    <width>300</width>
                    <label>106</label>
                    <textcolor>white</textcolor>
                    <focusedcolor>white</focusedcolor>
                    <align>center</align>
                </control>
                <control type="button" id="12">
                    <description>Custom button</description>
                    <width>300</width>
                    <label>106</label>
                    <textcolor>white</textcolor>
                    <focusedcolor>white</focusedcolor>
                    <align>center</align>
                </control>
            </control>
        </control>
    </controls>
</window>
