<?xml version="1.0" encoding="UTF-8"?>
<window>
    <defaultcontrol always="true">11</defaultcontrol>
    <controls>
        <control type="image">
            <top>320</top>
            <height>760</height>
            <width>1920</width>
            <texture>images/black.png</texture>
            <colordiffuse>77FFFFFF</colordiffuse>
        </control>
        <control type="group">
            <description>TV Guide Channel</description>
            <include>VisibleFade</include>
            <control type="group">
                <left>80</left>
                <top>340</top>
                <control type="label">
                    <description>Date Time label</description>
                    <left>0</left>
                    <top>20</top>
                    <width>300</width>
                    <height>20</height>
                    <font>robot32</font>
                    <textcolor>white</textcolor>
                    <align>center</align>
                    <aligny>center</aligny>
                    <label>21820</label>
                </control>
                <control type="label">
                    <description>Title</description>
                    <left>300</left>
                    <top>20</top>
                    <width>600</width>
                    <height>20</height>
                    <font>robot32</font>
                    <textcolor>white</textcolor>
                    <align>center</align>
                    <aligny>center</aligny>
                    <label>369</label>
                </control>
                <control type="label">
                    <description>Status header label</description>
                    <left>960</left>
                    <top>20</top>
                    <width>140</width>
                    <height>20</height>
                    <font>robot32</font>
                    <textcolor>white</textcolor>
                    <align>center</align>
                    <aligny>center</aligny>
                    <label>126</label>
                </control>
                <control type="image">
                    <description>separator image</description>
                    <left>60</left>
                    <top>57</top>
                    <width>1760</width>
                    <height>2</height>
                    <texture>images/line.png</texture>
                </control>
                <control type="list" id="11">
                    <left>0</left>
                    <top>60</top>
                    <width>1760</width>
                    <height>480</height>
                    <onup>11</onup>
                    <ondown>11</ondown>
                    <onleft>noop</onleft>
                    <onright>60</onright>
                    <pagecontrol>70</pagecontrol>
                    <scrolltime>200</scrolltime>
                    <itemlayout height="40">
                        <control type="image">
                            <width>1760</width>
                            <height>40</height>
                            <texture border="5">pstvButtonNoFocus.png</texture>
                            <colordiffuse>90333333</colordiffuse>
                        </control>
                        <control type="label">
                            <left>120</left>
                            <top>0</top>
                            <width>400</width>
                            <height>40</height>
                            <font>robot32</font>
                            <align>center</align>
                            <aligny>center</aligny>
                            <textcolor>gray</textcolor>
                            <selectedcolor>orange</selectedcolor>
                            <info>ListItem.Date</info>
                        </control>
                        <control type="label">
                            <left>550</left>
                            <top>0</top>
                            <width>640</width>
                            <height>40</height>
                            <font>robot32</font>
                            <align>left</align>
                            <aligny>center</aligny>
                            <textcolor>gray</textcolor>
                            <selectedcolor>orange</selectedcolor>
                            <info>ListItem.Label</info>
                        </control>
                        <control type="image">
                            <left>970</left>
                            <top>10</top>
                            <width>30</width>
                            <height>20</height>
                            <texture>pvr/rec.png</texture>
                            <visible>ListItem.IsRecording</visible>
                        </control>
                        <control type="label">
                            <left>1005</left>
                            <top>0</top>
                            <width>80</width>
                            <height>40</height>
                            <font>robot32</font>
                            <align>left</align>
                            <aligny>center</aligny>
                            <textcolor>gray</textcolor>
                            <selectedcolor>orange</selectedcolor>
                            <label>19043</label>
                            <visible>ListItem.IsRecording</visible>
                        </control>
                        <control type="image">
                            <left>970</left>
                            <top>10</top>
                            <width>20</width>
                            <height>20</height>
                            <texture>pvr/timer.png</texture>
                            <visible>ListItem.HasTimer + !ListItem.IsRecording</visible>
                        </control>
                        <control type="label">
                            <left>1600</left>
                            <width>80</width>
                            <height>40</height>
                            <font>robot32</font>
                            <align>left</align>
                            <aligny>center</aligny>
                            <textcolor>maindim</textcolor>
                            <selectedcolor>orange</selectedcolor>
                            <label>31510</label>
                            <visible>ListItem.HasTimer</visible>
                        </control>
                    </itemlayout>
                    <focusedlayout height="120">
                        <control type="image">
                            <width>1760</width>
                            <height>120</height>
                            <texture border="5">pstvButtonFocus.png</texture>
                            <colordiffuse>90777777</colordiffuse>
                        </control>
                        <control type="label">
                            <left>120</left>
                            <top>0</top>
                            <width>400</width>
                            <height>40</height>
                            <font>robot32</font>
                            <align>center</align>
                            <aligny>center</aligny>
                            <textcolor>maindim</textcolor>
                            <selectedcolor>orange</selectedcolor>
                            <info>ListItem.Date</info>
                        </control>
                        <control type="label">
                            <left>550</left>
                            <top>0</top>
                            <width>640</width>
                            <height>40</height>
                            <font>robot32</font>
                            <align>left</align>
                            <aligny>center</aligny>
                            <textcolor>maindim</textcolor>
                            <selectedcolor>orange</selectedcolor>
                            <info>ListItem.Label</info>
                        </control>
                        <control type="textbox">
                            <description>Plot Value for TVShow</description>
                            <left>60</left>
                            <top>40</top>
                            <width>1600</width>
                            <height>70</height>
                            <font>robot32</font>
                            <align>justify</align>
                            <textcolor>maindim</textcolor>
                            <label>$INFO[ListItem.Plot]</label>
                        </control>
                        <control type="image">
                            <left>970</left>
                            <top>10</top>
                            <width>30</width>
                            <height>20</height>
                            <texture>pvr/rec.png</texture>
                            <visible>ListItem.IsRecording</visible>
                        </control>
                        <control type="label">
                            <left>1005</left>
                            <top>0</top>
                            <width>80</width>
                            <height>40</height>
                            <font>robot32</font>
                            <align>left</align>
                            <aligny>center</aligny>
                            <textcolor>maindim</textcolor>
                            <selectedcolor>orange</selectedcolor>
                            <label>19043</label>
                            <visible>ListItem.IsRecording</visible>
                        </control>
                        <control type="image">
                            <left>970</left>
                            <top>10</top>
                            <width>20</width>
                            <height>20</height>
                            <texture>pvr/timer.png</texture>
                            <visible>ListItem.HasTimer + !ListItem.IsRecording</visible>
                        </control>
                        <control type="label">
                            <left>1600</left>
                            <width>80</width>
                            <height>40</height>
                            <font>robot32</font>
                            <align>left</align>
                            <aligny>center</aligny>
                            <textcolor>maindim</textcolor>
                            <selectedcolor>orange</selectedcolor>
                            <label>31510</label>
                            <visible>ListItem.HasTimer</visible>
                        </control>
                    </focusedlayout>
                </control>
                <control type="scrollbar" id="60">
                    <left>1780</left>
                    <top>60</top>
                    <height>480</height>
                    <onleft>11</onleft>
                    <onright>noop</onright>
                    <showonepage>false</showonepage>
                    <orientation>vertical</orientation>
                </control>
            </control>
        </control>
    </controls>
</window>
