<?xml version="1.0" encoding="UTF-8"?>
<window>
    <defaultcontrol/>
    <controls>
        <control type="group">
            <left>1190</left>
            <top>944</top>
            <animation effect="fade" start="0" end="100" time="500">WindowOpen</animation>
            <animation effect="fade" start="100" end="0" time="500">WindowClose</animation>
            <control type="image" description="Dialog BG">
                <width>720</width>
                <height>128</height>
                <texture border="30">images/notification.png</texture>
                <colordiffuse>main</colordiffuse>
            </control>
            <control type="label" id="30" description="Caption Label">
                <left>22</left>
                <top>20</top>
                <width>755</width>
                <height>27</height>
                <font>size26</font>
                <align>left</align>
                <textcolor>inverted</textcolor>
                <shadowcolor>-</shadowcolor>
                <aligny>center</aligny>
            </control>
            <control type="label" id="31" description="line 1 Label">
                <left>22</left>
                <top>64</top>
                <width>755</width>
                <height>26</height>
                <font>size26</font>
                <align>left</align>
                <textcolor>inverted</textcolor>
                <shadowcolor>-</shadowcolor>
                <aligny>center</aligny>
            </control>
            <control type="progress" id="32" description="Progress bar">
                <left>22</left>
                <top>95</top>
                <width>678</width>
                <height>9</height>
                <texturebg border="4" colordiffuse="inverted">progress/ProgressBG.png</texturebg>
                <midtexture border="4" colordiffuse="inverted">progress/ProgressM.png</midtexture>
                <righttexture border="2" colordiffuse="inverted">progress/ProgressR.png</righttexture>
                <lefttexture border="2" colordiffuse="inverted">progress/ProgressL.png</lefttexture>
            </control>
        </control>
    </controls>
</window>
