<?xml version="1.0" encoding="UTF-8"?>
<includes>
    <include file="homepanel.xml" />
    <include file="Includes_Variables.xml" />
    <include file="Defaults.xml" />
    <include file="CommonViews.xml" />
    <include file="musicpage.xml" />
    <!--VIDEOVIEWS-->
    <include file="views/video_fatlist.xml" />
    <include file="views/video_widelist.xml" />
    <include file="views/video_banners.xml" />
    <include file="views/video_fanart.xml" />
    <include file="views/video_icons.xml" />
    <include file="views/video_icons_eps.xml" />
    <include file="views/video_sio2.xml" />
    <include file="views/video_sio2x.xml" />
    <!--OTHERVIEWS-->
    <include file="views/music_fanart.xml" />
    <include file="views/music_sio2.xml" />
    <include file="views/music_list.xml" />
    <include file="views/music_icons.xml" />
    <include file="views/Programviews.xml" />
    <include file="Shelf_Elements.xml" />
    <include name="VisibleFade">
        <animation effect="fade" start="0" end="100" time="200">visiblechange</animation>
    </include>
    <include name="9000slide">
        <animation effect="slide" start="-520,0" end="0,0" time="300" reversible="false">visiblechange</animation>
    </include>
    <include name="homeanimation">
        <animation condition="Container(9000).Row(1) + !ControlGroup(700).HasFocus + !Control.HasFocus(9009)" effect="slide" end="0,-240" time="220">Conditonal</animation>
        <animation condition="Container(9000).Row(2) + !ControlGroup(700).HasFocus + !Control.HasFocus(9009)" effect="slide" end="0,-480" time="220">Conditonal</animation>
        <animation condition="Container(9000).Row(3) + !ControlGroup(700).HasFocus + !Control.HasFocus(9009)" effect="slide" end="0,-720" time="220">Conditonal</animation>
        <animation condition="Container(9000).Row(4) + !ControlGroup(700).HasFocus + !Control.HasFocus(9009)" effect="slide" end="0,-990" time="220">Conditonal</animation>
        <animation condition="Container(9000).Row(5) + !ControlGroup(700).HasFocus + !Control.HasFocus(9009)" effect="slide" end="0,-1260" time="220">Conditonal</animation>
    </include>
    <include name="BlackBackground">
        <control type="image" description="Default BG">
            <width>1920</width>
            <height>1080</height>
            <texture>images/Black.png</texture>
        </control>
        <control type="image" description="Default BG">
            <visible>!String.IsEmpty(ListItem.Art(fanart))</visible>
            <width>1920</width>
            <height>1080</height>
            <fadetime>200</fadetime>
            <texture>$VAR[bgimg]</texture>
            <aspectratio align="left">scale</aspectratio>
            <colordiffuse>40ffffff</colordiffuse>
        </control>
        <control type="image" description="Default BG">
            <visible>String.IsEmpty(ListItem.Art(fanart))</visible>
            <width>1920</width>
            <height>1080</height>
            <fadetime>200</fadetime>
            <texture>$VAR[bgimg]</texture>
        </control>
    </include>
    <include name="OpenClose">
        <animation effect="fade" time="150">WindowOpen</animation>
        <animation effect="fade" time="150">WindowClose</animation>
    </include>
    <include name="DialogOpenClose">
        <animation type="WindowOpen">
            <effect type="fade" start="0" end="100" time="240" />
            <effect type="zoom" tween="cubic" easing="out" start="30" end="100" center="960,540" time="240" />
        </animation>
        <animation type="WindowClose">
            <effect type="fade" start="100" end="0" time="140" />
            <effect type="zoom" tween="cubic" easing="in" start="100" end="30" center="960,540" time="140" />
        </animation>
    </include>
    <include name="DialogOpenCloseVisible">
        <animation type="Visible">
            <effect type="fade" start="0" end="100" time="240" />
            <effect type="zoom" tween="cubic" easing="out" start="30" end="100" center="960,340" time="240" />
        </animation>
        <animation type="Hidden">
            <effect type="fade" start="100" end="0" time="140" />
            <effect type="zoom" tween="cubic" easing="in" start="100" end="30" center="960,340" time="140" />
        </animation>
    </include>
    <include name="Fanart_Fade">
        <fadetime>320</fadetime>
        <animation effect="fade" time="320">Visible</animation>
        <animation effect="fade" time="280">Hidden</animation>
    </include>
    <include name="Icon_Fade">
        <fadetime>200</fadetime>
        <animation effect="fade" time="200">Visible</animation>
        <animation effect="fade" time="100">Hidden</animation>
    </include>
    <include name="HiddenButton">
        <left>-30</left>
        <top>-30</top>
        <width>1</width>
        <height>1</height>
        <label></label>
        <texturenofocus></texturenofocus>
        <texturefocus></texturefocus>
    </include>
    <include name="Heading">
        <left>330</left>
        <top>0</top>
        <align>center</align>
        <aligny>center</aligny>
        <width>1260</width>
        <height>75</height>
        <textcolor>main</textcolor>
        <font>size42</font>
    </include>
    <include name="HeadingL">
        <left>0</left>
        <top>20</top>
        <align>left</align>
        <aligny>center</aligny>
        <width>1110</width>
        <height>45</height>
        <textcolor>main</textcolor>
        <font>size42</font>
    </include>
    <include name="HeadingR">
        <left>960</left>
        <top>50</top>
        <width>960</width>
        <height>75</height>
        <align>center</align>
        <aligny>bottom</aligny>
        <textcolor>main</textcolor>
        <font>size42</font>
    </include>
    <include name="Dimensions_Fullscreen">
        <left>0</left>
        <top>0</top>
        <width>1920</width>
        <height>1080</height>
    </include>
    <include name="windowtitle">
        <height>60</height>
        <align>center</align>
        <orientation>horizontal</orientation>
        <control type="label" id="7777" description="Heading">
            <width>auto</width>
            <height>40</height>
            <font>size42</font>
            <scroll>false</scroll>
            <label>$VAR[RootLabel]</label>
        </control>
        <control type="label" description="Number of files">
            <width>auto</width>
            <height>53</height>
            <font>size22</font>
            <textcolor>gray</textcolor>
            <label>$INFO[Container.NumItems, (,)]</label>
        </control>
    </include>
    <include name="clockandkodi">
        <control type="grouplist">
            <right>15</right>
            <align>right</align>
            <orientation>horizontal</orientation>
            <itemgap>6</itemgap>
            <control type="label" description="Clock">
                <visible>!Skin.HasSetting(HideClock)</visible>
                <width>195</width>
                <height>48</height>
                <align>right</align>
                <aligny>center</aligny>
                <font>size21</font>
                <label>$INFO[System.Time]</label>
            </control>
                <control type="image">
                    <width>45</width>
                    <height>45</height>
                    <visible>!String.IsEmpty(Network.IPAddress) + !Skin.HasSetting(hideconnection)</visible>
                    <texture colordiffuse="yellow">help/wireless.png</texture>
                    <aspectratio>keep</aspectratio>
                </control>
                <control type="image">
                    <width>45</width>
                    <height>45</height>
                    <visible>String.IsEmpty(Network.IPAddress) + !Skin.HasSetting(hideconnection)</visible>
                    <texture colordiffuse="77777777">help/wireless.png</texture>
                    <aspectratio>keep</aspectratio>
                </control>
            <control type="image">
                <width>40</width>
                <height>40</height>
                <visible>!Skin.HasSetting(hideconnection)</visible>
                <texture colordiffuse="kodi">kodilogo.png</texture>
                <aspectratio>keep</aspectratio>
            </control>
        </control>
    </include>
    <include name="WindowsTopInfos">
        <include>clockandkodi</include>
        <!--VIEWTOPINFOS-->
        <control type="grouplist" description="BIGLIST">
            <visible>
                !Window.IsActive(DialogAlbumInfo.xml)
                + Control.IsVisible(50)
            </visible>
            <top>40</top>
            <centerleft>1440</centerleft>
            <width>880</width>
            <include>windowtitle</include>
        </control>
        <control type="grouplist" description="sio2">
            <visible>
                !Window.IsActive(DialogAlbumInfo.xml)
                + Control.IsVisible(52)
            </visible>
            <top>40</top>
            <left>1360</left>
            <width>560</width>
            <align>left</align>
            <include>windowtitle</include>
        </control>
        <control type="grouplist" description="sio2 advanced">
            <visible>Control.IsVisible(54)</visible>
            <orientation>vertical</orientation>
            <top>35</top>
            <left>1438</left>
            <width>482</width>
            <height>100</height>
            <itemgap>0</itemgap>
            <include>windowtitle</include>
        </control>
        <control type="grouplist" description="Settings">
            <visible>Control.IsVisible(575)</visible>
            <top>15</top>
            <centerleft>1440</centerleft>
            <width>580</width>
            <align>center</align>
            <include>windowtitle</include>
        </control>
        <control type="grouplist" description="centered">
            <visible>!Window.IsActive(DialogAlbumInfo.xml)</visible>
            <visible>[Control.IsVisible(10) | Control.IsVisible(15) | Control.IsVisible(14)]]</visible>
            <top>25</top>
            <centerleft>960</centerleft>
            <width>580</width>
            <align>center</align>
            <include>windowtitle</include>
        </control>
        <control type="grouplist" description="leftsided">
            <visible>!Window.IsActive(DialogAlbumInfo.xml)</visible>
            <visible>Control.IsVisible(53) | Control.IsVisible(55) | Control.IsVisible(500)</visible>
            <top>10</top>
            <left>30</left>
            <width>580</width>
            <align>left</align>
            <include>windowtitle</include>
        </control>
        <!--SCROLLLETTER-->
        <control type="group" description="Scroll letter">
            <visible>Container.Scrolling + Control.HasFocus(60)</visible>
            <animation effect="fade" start="0" end="60" time="60" delay="0" reversible="true">Visible</animation>
            <animation effect="fade" start="60" end="0" time="160" delay="260" reversible="true">Hidden</animation>
            <control type="label">
                <width>1920</width>
                <height>1080</height>
                <align>center</align>
                <aligny>center</aligny>
                <font>giant</font>
                <textcolor>white</textcolor>
                <label>$INFO[ListItem.SortLetter]</label>
            </control>
        </control>
        <include>slidinginfo</include>
    </include>
    <include name="OSDbarIcons">
        <width>68</width>
        <height>68</height>
        <aspectratio aligny="center" align="left">keep</aspectratio>
    </include>
    <include name="OSDbarIcons3D">
        <width>34</width>
        <height>68</height>
        <aspectratio aligny="center" align="left">stretch</aspectratio>
    </include>
    <include name="PVRinfos">
        <control type="image">
            <description>background image</description>
            <left>-170</left>
            <top>-150</top>
            <width>1460</width>
            <height>800</height>
            <texture border="150">images/Dialog.png</texture>
            <visible>![Window.IsVisible(FullscreenVideo) | Window.IsVisible(Visualisation)]</visible>
        </control>
        <control type="image">
            <top>110</top>
            <width>1160</width>
            <height>1</height>
            <texture>lines/Line.png</texture>
        </control>
        <control type="image">
            <left>0</left>
            <top>370</top>
            <width>1160</width>
            <height>1</height>
            <texture>lines/Line.png</texture>
        </control>
        <control type="label">
            <description>header label</description>
            <left>20</left>
            <top>0</top>
            <width>1100</width>
            <height>30</height>
            <font>size26</font>
            <label>$LOCALIZE[19047]</label>
            <align>center</align>
            <aligny>center</aligny>
            <textcolor>maindim</textcolor>
        </control>
        <control type="label">
            <description>Title label</description>
            <left>20</left>
            <top>40</top>
            <width>1100</width>
            <height>30</height>
            <font>size33B</font>
            <label>$INFO[ListItem.Title]</label>
            <align>center</align>
            <aligny>center</aligny>
            <textcolor>orange</textcolor>
        </control>
        <control type="label">
            <description>Start time</description>
            <left>20</left>
            <top>75</top>
            <width>1100</width>
            <height>25</height>
            <align>center</align>
            <aligny>center</aligny>
            <font>size26</font>
            <textcolor>gray</textcolor>
            <label>$LOCALIZE[142] $INFO[ListItem.StartTime]</label>
        </control>
        <control type="textbox" id="400">
            <description>Plot value</description>
            <left>20</left>
            <top>110</top>
            <width>1080</width>
            <height>260</height>
            <font>size26</font>
            <align>justify</align>
            <pagecontrol>-</pagecontrol>
            <label fallback="161">$INFO[ListItem.Plot]</label>
        </control>
        <control type="label">
            <description>Duration</description>
            <left>60</left>
            <top>390</top>
            <width>1000</width>
            <height>25</height>
            <align>center</align>
            <font>size26</font>
            <textcolor>gray</textcolor>
            <label>$LOCALIZE[552]: $INFO[ListItem.StartDate] / $LOCALIZE[19148]: $INFO[ListItem.ChannelName]</label>
        </control>
        <control type="label">
            <description>Duration</description>
            <left>60</left>
            <top>420</top>
            <width>1000</width>
            <height>25</height>
            <align>center</align>
            <font>size26</font>
            <textcolor>gray</textcolor>
            <label>$LOCALIZE[180]: $INFO[ListItem.Duration] / $LOCALIZE[135]: $INFO[ListItem.Genre]</label>
        </control>
    </include>
    <include name="User">
        <control type="group">
            <control type="image">
                <top>1000</top>
                <left>10</left>
                <width>80</width>
                <height>80</height>
                <aspectratio scalediffuse="false">scale</aspectratio>
                <texture background="true" diffuse="images/logindiffuse.png">$INFO[System.ProfileThumb]</texture>
            </control>
            <control type="label">
                <top>1000</top>
                <left>100</left>
                <width>1800</width>
                <height>80</height>
                <label>$LOCALIZE[20125] : $INFO[System.ProfileName]</label>
            </control>
        </control>
    </include>
    <include name="profilecontent">
        <control type="group">
            <left>960</left>
            <top>120</top>
            <control type="grouplist" id="5">
                <description>Control Area</description>
                <width>900</width>
                <height>810</height>
                <itemgap>0</itemgap>
                <aligny>top</aligny>
                <orientation>vertical</orientation>
                <onleft>noop</onleft>
                <onright>noop</onright>
                <onup>noop</onup>
                <ondown>28</ondown>
            </control>
            <control type="button" id="7">
                <height>81</height>
                <align>left</align>
                <texturefocus colordiffuse="$VAR[diffuseselect]">images/buttonselect1.png</texturefocus>
            </control>
            <control type="radiobutton" id="8">
                <height>81</height>
                <align>left</align>
                <texturefocus colordiffuse="$VAR[diffuseselect]">images/buttonselect1.png</texturefocus>
            </control>
            <control type="spincontrolex" id="9">
                <height>81</height>
                <align>left</align>
                <texturefocus colordiffuse="$VAR[diffuseselect]">images/buttonselect1.png</texturefocus>
            </control>
            <control type="image" description="Line split">
                <top>879</top>
                <width>960</width>
                <height>1</height>
                <texture colordiffuse="main">lines/Line.png</texture>
                <aspectratio>stretch</aspectratio>
            </control>
        </control>
        <control type="grouplist">
            <left>960</left>
            <top>1000</top>
            <width>960</width>
            <height>80</height>
            <itemgap>0</itemgap>
            <aligny>top</aligny>
            <orientation>horizontal</orientation>
            <onleft>noop</onleft>
            <onright>noop</onright>
            <onup>5</onup>
            <ondown>noop</ondown>
            <control type="button" id="28" description="OK">
                <width>480</width>
                <label>186</label>
                <texturefocus colordiffuse="$VAR[diffuseselect]">images/buttonselect2.png</texturefocus>
            </control>
            <control type="button" id="29" description="Cancel">
                <width>480 </width>
                <label>222</label>
                <texturefocus colordiffuse="$VAR[diffuseselect]">images/buttonselect2.png</texturefocus>
            </control>
        </control>
    </include>
    <include name="PVRsidemenu">
        <control type="group" description="Side menu 9000 group">
            <visible allowhiddenfocus="true">ControlGroup(9000).HasFocus() + !Window.IsVisible(traktContextMenu.xml)</visible>
            <include>9000slide</include>
            <control type="image" description="List back">
                <top>-10</top>
                <left>-80</left>
                <width>580</width>
                <height>1100</height>
                <aspectratio>stretch</aspectratio>
                <texture border="50">sidepanel/Back.png</texture>
            </control>
            <control type="grouplist" id="9000">
                <left>0</left>
                <align>left</align>
                <include>DialogGLs</include>
                <control type="button" id="1">
                    <enable>false</enable>
                    <texturenofocus colordiffuse="silver">images/buttonselect1.png</texturenofocus>
                    <include>DialogButt</include>
                    <label>•• $LOCALIZE[33063] ••</label>
                </control>
                <control type="button" id="3">
                    <description>Sort by button</description>
                    <include>DialogButt</include>
                    <label>103</label>
                </control>
                <control type="togglebutton" id="4">
                    <description>Sort asc</description>
                    <include>DialogButt</include>
                    <label>$INFO[Container.SortOrder]</label>
                    <usealttexture>Container.SortDirection(Ascending)</usealttexture>
                </control>
                <control type="radiobutton" id="205">
                    <description>Group recording items by folder structure</description>
                    <left>0</left>
                    <right>40</right>
                    <include>DialogButt</include>
                    <label>19270</label>
                    <visible>Window.IsActive(TVRecordings) | Window.IsActive(RadioRecordings)</visible>
                </control>
                <control type="radiobutton" id="5">
                    <description>Show deleted recordings</description>
                    <left>0</left>
                    <right>40</right>
                    <include>DialogButt</include>
                    <label>19184</label>
                    <visible>Window.IsActive(TVRecordings) | Window.IsActive(RadioRecordings)</visible>
                </control>
                <control type="radiobutton" id="6">
                    <description>Show hidden channels</description>
                    <left>0</left>
                    <right>40</right>
                    <include>DialogButt</include>
                    <label>19051</label>
                    <visible>Window.IsActive(TVChannels) | Window.IsActive(RadioChannels)</visible>
                </control>
                <control type="radiobutton" id="7">
                    <description>Show deleted recordings</description>
                    <left>0</left>
                    <right>40</right>
                    <include>DialogButt</include>
                    <label>19184</label>
                    <visible>Window.IsActive(TVRecordings) | Window.IsActive(RadioRecordings)</visible>
                </control>
                <control type="radiobutton" id="31">
                    <description>Filter</description>
                    <left>0</left>
                    <right>40</right>
                    <include>DialogButt</include>
                    <label>587</label>
                    <selected>Container.Filtered</selected>
                    <onclick>right</onclick>
                    <visible>Window.IsActive(TVChannels) | Window.IsActive(RadioChannels)</visible>
                </control>
                <control type="button" id="28">
                    <description>Channel Groups</description>
                    <left>0</left>
                    <right>40</right>
                    <include>DialogButt</include>
                    <label>-</label>
                </control>
                <control type="button" id="9191">
                    <description>Channel Groups</description>
                    <left>0</left>
                    <right>40</right>
                    <include>DialogButt</include>
                    <oncick>PVR.SearchMissingChannelIcons</oncick>
                    <!--TODO LOCALIZE + TEST-->
                    <label>Missing Icons Search</label>
                </control>
                <control type="button" id="599">
                    <enable>false</enable>
                    <texturenofocus colordiffuse="silver">images/buttonselect1.png</texturenofocus>
                    <include>DialogButt</include>
                    <label>•• $LOCALIZE[582] ••</label>
                </control>
                <control type="radiobutton" id="32">
                    <description>Guide</description>
                    <include>DialogButt</include>
                    <onclick>ActivateWindow(TVGuide)</onclick>
                    <selected>Window.IsActive(MyPVRGuide.xml)</selected>
                    <!--TODO LOCALIZE-->
                    <label>TV Guide</label>
                </control>
                <control type="radiobutton" id="33">
                    <description>TV Channels</description>
                    <include>DialogButt</include>
                    <onclick>ActivateWindow(TVChannels)</onclick>
                    <selected>Window.IsActive(MyPVRChannels.xml)</selected>
                    <label>19023</label>
                </control>
                <control type="radiobutton" id="34">
                    <description>Recordings</description>
                    <include>DialogButt</include>
                    <onclick condition="String.IsEmpty(Window.Property(IsRadio))">ActivateWindow(TVRecordings)</onclick>
                    <onclick condition="!String.IsEmpty(Window.Property(IsRadio))">ActivateWindow(RadioRecordings)</onclick>
                    <selected>Window.IsActive(MyPVRRecordings.xml)</selected>
                    <label>19163</label>
                </control>
                <control type="radiobutton" id="35">
                    <description>Timers</description>
                    <include>DialogButt</include>
                    <onclick condition="String.IsEmpty(Window.Property(IsRadio))">ActivateWindow(TVTimers)</onclick>
                    <onclick condition="!String.IsEmpty(Window.Property(IsRadio))">ActivateWindow(RadioTimers)</onclick>
                    <selected>Window.IsActive(MyPVRTimers.xml)</selected>
                    <label>19040</label>
                </control>
                <control type="radiobutton" id="36">
                    <description>Search</description>
                    <include>DialogButt</include>
                    <onclick condition="String.IsEmpty(Window.Property(IsRadio))">ActivateWindow(TVSearch)</onclick>
                    <onclick condition="!String.IsEmpty(Window.Property(IsRadio))">ActivateWindow(RadioSearch)</onclick>
                    <selected>Window.IsActive(MyPVRSearch.xml)</selected>
                    <label>137</label>
                </control>
            </control>
        </control>
    </include>
    <include name="ShelfTitle">
        <top>16</top>
        <left>50</left>
        <height>34</height>
        <width>750</width>
        <align>left</align>
        <aligny>center</aligny>
        <font>size27</font>
        <textcolor>main</textcolor>
    </include>
    <include name="ShelfFade">
        <animation effect="fade" end="100" time="250" delay="250">Visible</animation>
        <animation effect="fade" end="0" time="100">Hidden</animation>
    </include>
    <include name="60slider">
        <control type="group">
            <top>85</top>
            <animation effect="slide" end="-60,0" time="250" reversible="true">Focus</animation>
            <animation effect="slide" start="-60,0" end="0,0" time="250" reversible="true">Unfocus</animation>
            <control type="image">
                <left>1925</left>
                <height>910</height>
                <width>100</width>
                <texture border="50" colordiffuse="AAFFFFFF">sidepanel/Back.png</texture>
            </control>
            <control type="scrollbar" id="60">
                <left>-37r</left>
                <top>30</top>
                <height>850</height>
                <onleft>50</onleft>
                <onright>noop</onright>
            </control>
        </control>
    </include>
    <include name="slidinginfo">
        <control type="group">
            <visible>Player.HasAudio</visible>
            <visible>!Integer.IsGreater(Player.Time,8) | !Integer.IsGreater(Player.TimeRemaining,8)</visible>
            <animation effect="slide" end="0,-138" condition="Window.IsActive(DialogExtendedProgressBar.xml)">Conditional</animation>
            <animation effect="slide" end="0,-138" condition="Window.IsActive(DialogKaiToast.xml)">Conditional</animation>
            <left>1190</left>
            <top>944</top>
            <animation effect="fade" start="0" end="100" time="500">WindowOpen</animation>
            <animation effect="fade" start="100" end="0" time="500">WindowClose</animation>
            <control type="image" description="Dialog BG">
                <width>720</width>
                <height>128</height>
                <texture border="25">images/notification.png</texture>
                <colordiffuse>main</colordiffuse>
            </control>
            <control type="group">
                <left>20</left>
                <top>19</top>
                <control type="image" description="File Icon">
                    <width>90</width>
                    <height>90</height>
                    <aspectratio>keep</aspectratio>
                    <texture>$INFO[MusicPlayer.Cover]</texture>
                </control>
            </control>
            <control type="group">
                <top>13</top>
                <control type="label" description="Heading">
                    <left>130</left>
                    <width>575</width>
                    <height>44</height>
                    <font>size21</font>
                    <align>left</align>
                    <aligny>bottom</aligny>
                    <textcolor>orange</textcolor>
                    <scroll>true</scroll>
                    <label>$INFO[MusicPlayer.Title]</label>
                </control>
                <control type="label" description="Artist">
                    <top>28</top>
                    <left>130</left>
                    <width>575</width>
                    <height>44</height>
                    <scroll>true</scroll>
                    <font>size21</font>
                    <align>left</align>
                    <textcolor>inverted</textcolor>
                    <shadowcolor>-</shadowcolor>
                    <label>$INFO[MusicPlayer.Artist]</label>
                </control>
                <control type="label" description="album">
                    <top>60</top>
                    <left>130</left>
                    <width>575</width>
                    <height>44</height>
                    <scroll>true</scroll>
                    <font>size21</font>
                    <align>left</align>
                    <textcolor>inverted</textcolor>
                    <shadowcolor>-</shadowcolor>
                    <label>$INFO[MusicPlayer.Album,Album: (,)]</label>
                </control>
            </control>
        </control>
    </include>
    <include name="border">
        <bordertexture border="2">images/dvdbox.png</bordertexture>
        <bordersize>1</bordersize>
    </include>
    <include name="weatherinfo">
        <width>450</width>
        <height>40</height>
        <font>size36B</font>
        <shadowcolor>-</shadowcolor>
    </include>
    <include name="cpu_use">
        <control type="label">
            <centerleft>960</centerleft>
            <width>1920</width>
            <height>40</height>
            <align>center</align>
            <label>$INFO[System.CpuUsage] - $INFO[System.Memory(used)]/$INFO[System.Memory(total)] - $INFO[System.CpuFrequency]</label>
        </control>
    </include>
    <include name="homeiconsdef">
        <centerleft>130</centerleft>
        <centertop>110</centertop>
        <width>220</width>
        <height>168</height>
    </include>

    <include name="selection">
        <animation effect="zoom" start="100" end="120" time="120" center="auto" tween="Back" easing="Out">Focus</animation>
        <animation effect="zoom" start="120" end="100" time="120" center="auto">unFocus</animation>
    </include>

    <include name="diavidinfobuttons">
        <animation effect="zoom" start="100" end="110" time="120" center="320,50" tween="Back" easing="Out">Focus</animation>
        <animation effect="zoom" start="110" end="100" time="120" center="320,50">unFocus</animation>
        <width>320</width>
        <height>70</height>
        <font>size21</font>
        <align>right</align>
        <aligny>top</aligny>
        <wrapmultiline>true</wrapmultiline>
        <textoffsetx>10</textoffsetx>
        <texturefocus colordiffuse="$VAR[diffuseselect]" flipx="true">images/buttonselect1.png</texturefocus>
        <onclick>noop</onclick>
    </include>

    <include name="diavidinfolabels">
        <width>320</width>
        <height>24</height>
        <font>size21</font>
        <textoffsetx>10</textoffsetx>
        <align>right</align>
        <aligny>bottom</aligny>
    </include>

</includes>
