<?xml version="1.0" encoding="UTF-8"?>
<window>
    <views>10</views>
    <defaultcontrol>10</defaultcontrol>
    <menucontrol>9000</menucontrol>
    <backgroundcolor>background</backgroundcolor>
    <include>OpenClose</include>
    <controls>
        <include>BlackBackground</include>
        <control type="label" id="29">
            <description>passes the values up one level</description>
            <visible>False</visible>
        </control>
        <control type="label" id="30">
            <description>passes the values up one level</description>
            <visible>False</visible>
        </control>
        <control type="group" id="50">
            <include>OpenClose</include>
            <control type="group">
                <description>TV Guide Timeline</description>
                <visible>Control.IsVisible(10)</visible>
                <include>VisibleFade</include>
                <control type="image">
                    <top>479</top>
                    <width>1920</width>
                    <height>600</height>
                    <texture>timelineback.png</texture>
                </control>
                <control type="epggrid" id="10">
                    <description>EPG Grid</description>
                    <left>40</left>
                    <top>520</top>
                    <width>1880</width>
                    <height>520</height>
                    <pagecontrol>10</pagecontrol>
                    <scrolltime>350</scrolltime>
                    <timeblocks>24</timeblocks>
                    <rulerunit>6</rulerunit>
                    <progresstexture border="5">pvr/EpgProgressIndicator.png</progresstexture>
                    <onleft>31</onleft>
                    <onright>31</onright>
                    <onup>9000</onup>
                    <ondown>10</ondown>
                    <rulerlayout height="35">
                        <control type="label" id="2">
                            <left>10</left>
                            <width>34</width>
                            <height>29</height>
                            <font>font12</font>
                            <aligny>center</aligny>
                            <selectedcolor>yellow</selectedcolor>
                            <align>left</align>
                            <label>$INFO[ListItem.Label]</label>
                        </control>
                    </rulerlayout>
                    <channellayout height="52" width="380">
                        <animation effect="fade" start="110" time="200">UnFocus</animation>
                        <control type="label">
                            <width>40</width>
                            <height>52</height>
                            <font>font12</font>
                            <align>right</align>
                            <aligny>center</aligny>
                            <textcolor>yellow</textcolor>
                            <selectedcolor>red</selectedcolor>
                            <info>ListItem.ChannelNumber</info>
                        </control>
                        <control type="label" id="1">
                            <left>60</left>
                            <top>0</top>
                            <width>300</width>
                            <height>52</height>
                            <font>Size26</font>
                            <aligny>center</aligny>
                            <selectedcolor>red</selectedcolor>
                            <align>left</align>
                            <scroll>false</scroll>
                            <label>$INFO[ListItem.ChannelName]</label>
                        </control>
                    </channellayout>
                    <focusedchannellayout height="52" width="380">
                        <animation effect="fade" start="110" time="200">OnFocus</animation>
                        <control type="image" id="1">
                            <left>45</left>
                            <width>330</width>
                            <height>52</height>
                            <texture border="20">pvr/pvrbuttonFO.png</texture>
                            <colordiffuse>66FFFFFF</colordiffuse>
                        </control>
                        <control type="label">
                            <width>40</width>
                            <height>52</height>
                            <font>font12</font>
                            <align>right</align>
                            <aligny>center</aligny>
                            <textcolor>yellow</textcolor>
                            <selectedcolor>red</selectedcolor>
                            <info>ListItem.ChannelNumber</info>
                        </control>
                        <control type="label" id="1">
                            <left>60</left>
                            <width>300</width>
                            <height>52</height>
                            <font>Size26</font>
                            <aligny>center</aligny>
                            <selectedcolor>red</selectedcolor>
                            <align>left</align>
                            <label>$INFO[ListItem.ChannelName]</label>
                        </control>
                    </focusedchannellayout>
                    <itemlayout height="52">
                        <control type="image" id="2">
                            <width></width>
                            <height>52</height>
                            <aspectratio>stretch</aspectratio>
                            <texture border="20" fallback="pvr/pvrbutton.png">$INFO[ListItem.Property(GenreType),pvr/,.png]</texture>
                        </control>
                        <control type="label" id="1">
                            <visible>!ListItem.IsRecording</visible>
                            <left>10</left>
                            <width>-20</width>
                            <height>52</height>
                            <font>font12</font>
                            <aligny>center</aligny>
                            <textcolor>yellow</textcolor>
                            <shadowcolor></shadowcolor>
                            <align>left</align>
                            <scroll>false</scroll>
                            <label>$INFO[ListItem.Label]</label>
                        </control>
                        <control type="label" id="1">
                            <visible>ListItem.IsRecording</visible>
                            <left>25</left>
                            <width>-35</width>
                            <height>52</height>
                            <font>font12</font>
                            <aligny>center</aligny>
                            <textcolor>yellow</textcolor>
                            <shadowcolor></shadowcolor>
                            <align>left</align>
                            <label>$INFO[ListItem.Label]</label>
                        </control>
                        <control type="image">
                            <left>0</left>
                            <top>13</top>
                            <width>25</width>
                            <height>25</height>
                            <texture>pvr/rec.png</texture>
                            <visible>ListItem.IsRecording</visible>
                        </control>
                        <control type="image">
                            <left>0</left>
                            <top>13</top>
                            <width>25</width>
                            <height>25</height>
                            <texture>pvr/timer.png</texture>
                            <visible>ListItem.HasTimer + !ListItem.IsRecording</visible>
                        </control>
                    </itemlayout>
                    <focusedlayout height="52">
                        <control type="image" id="2">
                            <width></width>
                            <height>52</height>
                            <aspectratio>stretch</aspectratio>
                            <texture border="20" fallback="pvr/pvrbutton.png">$INFO[ListItem.Property(GenreType),pvr/,.png]</texture>
                        </control>
                        <control type="image" id="14">
                            <width>-</width>
                            <height>52</height>
                            <texture border="20">pvr/pvrbuttonFO.png</texture>
                            <colordiffuse>66FFFFFF</colordiffuse>
                        </control>
                        <control type="label" id="1">
                            <visible>!ListItem.IsRecording</visible>
                            <left>10</left>
                            <width>-20</width>
                            <height>52</height>
                            <font>font12</font>
                            <aligny>center</aligny>
                            <textcolor>green</textcolor>
                            <shadowcolor></shadowcolor>
                            <align>left</align>
                            <label>$INFO[ListItem.Label]</label>
                        </control>
                        <control type="label" id="1">
                            <visible>ListItem.IsRecording</visible>
                            <left>25</left>
                            <width>-35</width>
                            <height>52</height>
                            <font>font12</font>
                            <aligny>center</aligny>
                            <textcolor>yellow</textcolor>
                            <shadowcolor></shadowcolor>
                            <align>left</align>
                            <label>$INFO[ListItem.Label]</label>
                        </control>
                        <control type="image">
                            <left>0</left>
                            <top>13</top>
                            <width>25</width>
                            <height>25</height>
                            <texture>pvr/rec.png</texture>
                            <visible>ListItem.IsRecording</visible>
                        </control>
                        <control type="image">
                            <left>0</left>
                            <top>13</top>
                            <width>25</width>
                            <height>25</height>
                            <texture>pvr/timer.png</texture>
                            <visible>ListItem.HasTimer + !ListItem.IsRecording</visible>
                        </control>
                    </focusedlayout>
                </control>
                <control type="group">
                    <visible>ListItem(10).HasEpg</visible>
                    <left>60</left>
                    <top>60</top>
                    <control type="label">
                        <description>header label</description>
                        <left>20</left>
                        <top>20</top>
                        <width>1100</width>
                        <height>30</height>
                        <font>size26</font>
                        <label>$LOCALIZE[19047]</label>
                        <align>center</align>
                        <aligny>center</aligny>
                        <textcolor>main</textcolor>
                    </control>
                    <control type="label">
                        <description>Title label</description>
                        <left>20</left>
                        <top>60</top>
                        <width>1100</width>
                        <height>30</height>
                        <font>size33B</font>
                        <label>$INFO[ListItem.Title]</label>
                        <align>center</align>
                        <aligny>center</aligny>
                        <textcolor>red</textcolor>
                    </control>
                    <control type="group">
                        <control type="image">
                            <left>0</left>
                            <top>100</top>
                            <width>1160</width>
                            <height>2</height>
                            <texture>lines/Line.png</texture>
                            <aspectratio>stretch</aspectratio>
                        </control>
                        <control type="image">
                            <left>0</left>
                            <top>380</top>
                            <width>1160</width>
                            <height>2</height>
                            <texture>lines/Line.png</texture>
                            <aspectratio>stretch</aspectratio>
                        </control>
                        <control type="textbox" id="400">
                            <description>Plot value</description>
                            <left>10</left>
                            <top>100</top>
                            <width>1080</width>
                            <height>280</height>
                            <font>size26</font>
                            <align>justify</align>
                            <pagecontrol>-</pagecontrol>
                            <label fallback="161">$INFO[ListItem.Plot]</label>
                        </control>
                        <control type="label">
                            <description>Duration</description>
                            <left>60</left>
                            <top>390</top>
                            <width>1000</width>
                            <height>25</height>
                            <align>center</align>
                            <font>size26</font>
                            <textcolor>white</textcolor>
                            <label>$LOCALIZE[180]: $INFO[ListItem.Duration] / $LOCALIZE[135]: $INFO[ListItem.Genre]</label>
                        </control>
                    </control>
                </control>
            </control>
            <control type="group" description="NOW">
                <visible>Control.IsVisible(11)</visible>
                <include>VisibleFade</include>
                <include>left_Panel_livetv</include>
                <control type="group">
                    <left>1020</left>
                    <top>131</top>
                    <include>LargeListItemCount</include>
                    <control type="fixedlist" id="11">
                        <width>802</width>
                        <height>888</height>
                        <onleft condition="!Skin.HasSetting(ViewsMenuOff)">9000</onleft>
                        <onleft condition="Skin.HasSetting(ViewsMenuOff)">noop</onleft>
                        <onright condition="!Skin.HasSetting(Scrollbars_Passive)">60</onright>
                        <onright condition="Skin.HasSetting(Scrollbars_Passive)">noop</onright>
                        <onup>16</onup>
                        <ondown>16</ondown>
                        <pagecontrol>60</pagecontrol>
                        <viewtype label="535">list</viewtype>
                        <focusposition>3</focusposition>
                        <movement>4</movement>
                        <preloaditems>4</preloaditems>
                        <scrolltime>250</scrolltime>
                        <itemlayout width="802" height="111">
                            <include>statusbiglist</include>
                        </itemlayout>
                        <focusedlayout width="802" height="111">
                            <control type="label" description="Label2">
                                <left>45</left>
                                <width>720</width>
                                <include>BigListDetails</include>
                                <label>[B]$INFO[ListItem.ChannelName][/B] - $INFO[ListItem.Date]</label>
                            </control>
                            <include>statusbiglist</include>
                        </focusedlayout>
                    </control>
                </control>
                <control type="image">
                    <left>1020</left>
                    <width>1</width>
                    <height>1080</height>
                    <texture>lines/LineV.png</texture>
                </control>
                <control type="scrollbar" id="60">
                    <left>39r</left>
                    <top>135</top>
                    <height>870</height>
                    <onleft>11</onleft>
                    <onright>noop</onright>
                </control>
                <control type="label">
                    <description>Page Count Label</description>
                    <left>40r</left>
                    <top>53r</top>
                    <width>500</width>
                    <height>20</height>
                    <font>font12</font>
                    <textcolor>yellow</textcolor>
                    <scroll>false</scroll>
                    <align>right</align>
                    <aligny>center</aligny>
                    <label>$LOCALIZE[31000] ([COLOR=White]$INFO[Container(16).CurrentPage]/$INFO[Container(16).NumPages][/COLOR])</label>
                </control>
            </control>
            <control type="group" description="NEXT">
                <visible>Control.IsVisible(12)</visible>
                <include>VisibleFade</include>
                <include>left_Panel_livetv</include>
                <control type="group">
                    <left>1020</left>
                    <top>131</top>
                    <include>LargeListItemCount</include>
                    <control type="fixedlist" id="12">
                        <width>802</width>
                        <height>888</height>
                        <onleft condition="!Skin.HasSetting(ViewsMenuOff)">9000</onleft>
                        <onleft condition="Skin.HasSetting(ViewsMenuOff)"></onleft>
                        <onright condition="!Skin.HasSetting(Scrollbars_Passive)">60</onright>
                        <onright condition="Skin.HasSetting(Scrollbars_Passive)"></onright>
                        <onup>16</onup>
                        <ondown>16</ondown>
                        <pagecontrol>60</pagecontrol>
                        <viewtype label="535">list</viewtype>
                        <focusposition>3</focusposition>
                        <movement>4</movement>
                        <preloaditems>4</preloaditems>
                        <scrolltime>250</scrolltime>
                        <itemlayout width="802" height="111">
                            <control type="label" description="Main Label">
                                <left>45</left>
                                <width>630</width>
                                <include>BigListTitle</include>
                                <label>$INFO[ListItem.label]</label>
                            </control>
                            <control type="label" description="Label2">
                                <left>45</left>
                                <width>720</width>
                                <include>BigListDetails</include>
                                <label>[B]$INFO[ListItem.ChannelName][/B] - $INFO[ListItem.Date]</label>
                            </control>
                            <include>statusbiglist</include>
                        </itemlayout>
                        <focusedlayout width="802" height="111">
                            <control type="image" description="selector">
                                <animation effect="fade" end="0" time="30">UnFocus</animation>
                                <width>202</width>
                                <height>50</height>
                                <texture>images/buttonselect1.png</texture>
                                <colordiffuse>445555FF</colordiffuse>
                            </control>
                            <control type="label" description="Main Label">
                                <left>45</left>
                                <width>630</width>
                                <include>BigListTitle</include>
                                <label>$INFO[ListItem.label]</label>
                            </control>
                            <control type="label" description="Label2">
                                <left>45</left>
                                <width>720</width>
                                <include>BigListDetails</include>
                                <label>[B]$INFO[ListItem.ChannelName][/B] - $INFO[ListItem.Date]</label>
                            </control>
                            <include>statusbiglist</include>
                        </focusedlayout>
                    </control>
                </control>
                <control type="image">
                    <left>1020</left>
                    <width>1</width>
                    <height>1080</height>
                    <texture>lines/LineV.png</texture>
                </control>
                <control type="scrollbar" id="60">
                    <left>39r</left>
                    <top>135</top>
                    <height>870</height>
                    <onleft>12</onleft>
                    <onright></onright>
                </control>
                <control type="label">
                    <description>Page Count Label</description>
                    <left>40r</left>
                    <top>53r</top>
                    <width>500</width>
                    <height>20</height>
                    <font>font12</font>
                    <textcolor>yellow</textcolor>
                    <scroll>false</scroll>
                    <align>right</align>
                    <aligny>center</aligny>
                    <label>$LOCALIZE[31000] ([COLOR=White]$INFO[Container(16).CurrentPage]/$INFO[Container(16).NumPages][/COLOR])</label>
                </control>
            </control>
        </control>
        <control type="label">
            <visible>Control.IsVisible(10)</visible>
            <top>40</top>
            <centerleft>1440</centerleft>
            <width>800</width>
            <align>center</align>
            <label>$INFO[Control.GetLabel(29)] • $INFO[Control.GetLabel(30)]</label>
        </control>
        <include>PVRsidemenu</include>
    </controls>
</window>
