<?xml version="1.0" encoding="UTF-8" standalone="yes"?>
<addon id="plugin.video.lbryAPI" name="LBRYAPIARM" version="0.0.4" provider-name="celadoor">
    <requires>
        <import addon="xbmc.python" version="2.26.0"/>
	<import addon="script.module.requests" version="2.22.0"/>
  </requires>
  <extension point="xbmc.python.pluginsource" library="addon.py">
    <provides>video</provides>
  </extension>
  <extension point="xbmc.addon.metadata">
    <summary lang="en_GB">LBRY plugin</summary>
    <description lang="en_GB">A plugin that serves LBRY videos</description>
    <disclaimer lang="en_GB"></disclaimer>
    <language>en</language>
    <platform>all</platform>
    <license>GPL-3.0-only</license>
    <forum></forum>
    <website></website>
    <email></email>
    <source></source>
    <news></news>
    <assets>
        <icon>resources/icon.png</icon>
        <fanart>resources/fanart.jpg</fanart>
    </assets>
  </extension>
</addon>
