<?xml version='1.0' encoding='UTF-8' standalone='yes'?>
<addon 
  id="plugin.video.richplanet"
  name="Richplanet TV" 
  provider-name="celadoor" 
  version="0.1.3">
  <requires>
    <import  addon="xbmc.python"                      version="2.1.0" />
    <import  addon="script.common.plugin.cache"       version="1.5.1" />
    <import  addon="script.module.parsedom"           version="1.5.1" />
    <import  addon="script.module.simple.downloader"  version="0.9.4" />
  </requires>
  <extension library="default.py"                     point="xbmc.python.pluginsource">
    <provides>video</provides>
  </extension>
  <extension point="xbmc.addon.metadata">
    <summary lang="en">Richplanet TV video plugin</summary>
    <description lang="en">Our programmes are intended to expose information covering a wide range of issues which mainstream television do not cover correctly. Mainstream media is controlled by a tiny group, who, in order to maintain vested corporate interests and serve their masters in the intelligence agencies, censor and distort certain issues they cover. Our programmes seek to expose these practices and report on subjects such as false flag terrorism, UFOs, animal mutilation, hidden energy technology and many more. In fact any subject we feel is being hidden or suppressed for nefarious purposes is covered. The programmes you see on this channel might shock you and you certainly will not see this information on dumbed down mainstream television.</description>
    <language>en</language>
    <platform>all</platform>
	<license>GNU GENERAL PUBLIC LICENSE. Version 3, June 2007</license>
	<forum>http://forum.xbmc.org/showthread.php?tid=177472</forum>
	<website>http://www.richplanet.net/</website>
	<email></email>
  </extension>
</addon>