<?xml version='1.0' encoding='UTF-8' standalone='yes'?>
<addon 
  id="plugin.video.richplanet"
  name="Richplanet TV" 
  provider-name="celadoor" 
  version="0.1.8">
  <requires>
    <import  addon="xbmc.python"                      version="2.1.0" />
    <import  addon="script.common.plugin.cache"       version="1.5.1" />
    <import  addon="script.module.parsedom"           version="1.5.1" />
    <import  addon="script.module.simple.downloader"  version="0.9.4" />
  </requires>
  <extension library="default.py"                     point="xbmc.python.pluginsource">
    <provides>video</provides>
  </extension>
  <extension point="xbmc.addon.metadata">
    <summary lang="en">Richplanet TV video plugin</summary>
  <description lang="en"> The objectives of Richplanet are :-
  To encourage governments and the groups that control them by using a range of strategies to stop obfuscating information on a range of important subjects. These subjects include but are not limited to UFOs, false flag terrorism, over unity energy, the centralised banking system, vaccinations, health issues and child abuse.
   
  To research and uncover new information in these fields.
   
  To report our findings and information using various media including website, TV, radio and articles.
   
  To expose the mechanisms that control and distort information before it is given to the public.
   
  To demonstrate that the current "systems" of "government" are flawed and being manipulated by non democratic hidden hands. There is a need to replace it with a new system based on 100% trasparency of information, equality and a non interest based monetary system.
   
  To ensure that when information is disclosed, the population as a whole benefits from the technology and information.
   
  RICHPLANET.NET IS FREE TO VIEW, HOWEVER IT IS NOT FREE TO PRODUCE. WE ARE VERY GRATEFUL FOR ALL DONATIONS WHICH ARE VERY MUCH NEEDED.
  </description>
    <language>en</language>
    <platform>all</platform>
	<license>GNU GENERAL PUBLIC LICENSE. Version 3, June 2007</license>
	<forum>http://forum.xbmc.org/showthread.php?tid=177472</forum>
	<website>http://www.richplanet.net/sponsor.php</website>
	<email></email>
	<source>http://celadoor.github.io/plugin.video.richplanet.zip</source>
  </extension>
</addon>