<?xml version='1.0' encoding='UTF-8' standalone='yes'?>
<addon 
  id="plugin.video.bitchute" 
  name="BitChute Videos" 
  provider-name="celadoor" 
  version="2.0.2">
  <requires>
    <import  addon="xbmc.python"                      version="3.0.0" />
    <import  addon="script.common.plugin.cache"       version="1.5.1" />
	<import  addon="script.module.beautifulsoup4"     version="4.3.2" />
    <import addon="script.module.future" version="0.18.2+matrix.1"/>
  </requires>
  <extension library="default.py"                     point="xbmc.python.pluginsource">
    <provides>video</provides>
  </extension>
  <extension point="xbmc.addon.metadata">
    <summary lang="en">BitChute videos plugin Kodi Matrix Python 3 version</summary>
    <description lang="en">BitChute is a peer to peer video sharing platform. Its mission is to put people and free speech first. It's free to join and create and upload your own videos to share with others..</description>
    <language>en</language>
    <platform>all</platform>
	<license>GNU GENERAL PUBLIC LICENSE. Version 3, June 2007</license>
	<forum>http://forum.kodi.tv/showthread.php?tid=307789</forum>
	<website>https://www.bitchute.com/</website>
	<email></email>
    <news>
Version 2.0.1 -Kodi Matrix Python 3 version

Version 1.0.2 -added favorites option in settings

Version 1.0.1 -Fixed Video Url

Version 1.0.0
Latest has been separated into All/Popular/Trending. Other miscellaneous improvements made.

Version 0.0.9 -add latest category

Version 0.0.7 -Redone for site changes

Version 0.0.5 -Added Video Categories

Version 0.0.4 -Initial Release. Plays all the latest BitChute videos.
	</news>
  	<assets>
        <icon>resources/icon.png</icon>
        <fanart>resources/fanart.jpg</fanart>
    </assets>
	<source>http://celadoor.github.io/plugin.video.bitchute.zip</source>
  </extension>
</addon>
