<?xml version="1.0" encoding="UTF-8"?>
<window id="20">
    <defaultcontrol always="true">50</defaultcontrol>
    <menucontrol>9000</menucontrol>
    <backgroundcolor>background</backgroundcolor>
    <controls>
        <include>BlackBackground</include>
        <control type="group" description="List">
            <left>960</left>
            <top>131</top>
            <control type="list" id="50">
                <width>970</width>
                <height>949</height>
                <onleft>9000</onleft>
                <onright condition="!Skin.HasSetting(Scrollbars_Passive)">60</onright>
                <onright condition="Skin.HasSetting(Scrollbars_Passive)">9000</onright>
                <onup>50</onup>
                <ondown>50</ondown>
                <pagecontrol>60</pagecontrol>
                <viewtype label="50">List</viewtype>
                <focusposition>5</focusposition>
                <movement>5</movement>
                <preloaditems>4</preloaditems>
                <scrolltime tween="sine" easing="inout">280</scrolltime>
                <itemlayout width="970" height="81">
                    <control type="label" description="Main Label">
                        <animation effect="slide" end="0,18" condition="String.IsEmpty(ListItem.Label2)">Conditional</animation>
                        <width>830</width>
                        <left>30</left>
                        <wrapmultiline>true</wrapmultiline>
                        <height>44</height>
                        <left>45</left>
                        <height>80</height>
                        <width>630</width>
                        <aligny>center</aligny>
                        <scroll>false</scroll>
                        <font>size30</font>
                        <textcolor>maindim</textcolor>
                        <shadowcolor>-</shadowcolor>
                        <label>$INFO[ListItem.Label]</label>
                    </control>
                    <control type="label" description="Main Label">
                        <width>830</width>
                        <left>30</left>
                        <wrapmultiline>true</wrapmultiline>
                        <textcolor>dimgray</textcolor>
                        <height>38</height>
                        <top>40</top>
                        <aligny>center</aligny>
                        <scroll>false</scroll>
                        <font>size30</font>
                        <shadowcolor>-</shadowcolor>
                        <label>$INFO[ListItem.Label2]</label>
                    </control>
                    <include>listline</include>
                </itemlayout>
                <focusedlayout width="970" height="81">
                    <control type="image">
                        <animation effect="fade" end="0" time="30">UnFocus</animation>
                        <width>930</width>
                        <height>81</height>
                        <texture colordiffuse="$VAR[diffuseselect]">images/buttonselect1.png</texture>
                    </control>
                    <control type="label" description="Main Label">
                        <animation effect="slide" end="0,18" condition="String.IsEmpty(ListItem.Label2)">Conditional</animation>
                        <width>830</width>
                        <left>30</left>
                        <height>44</height>
                        <aligny>center</aligny>
                        <scroll>false</scroll>
                        <font>size30</font>
                        <shadowcolor>-</shadowcolor>
                        <label>$INFO[ListItem.Label]</label>
                    </control>
                    <control type="label" description="Main Label">
                        <width>830</width>
                        <left>30</left>
                        <textcolor>dimgray</textcolor>
                        <height>38</height>
                        <top>40</top>
                        <aligny>center</aligny>
                        <scroll>false</scroll>
                        <font>size30</font>
                        <shadowcolor>-</shadowcolor>
                        <label>$INFO[ListItem.Label2]</label>
                    </control>
                    <include>listline</include>
                </focusedlayout>
            </control>
        </control>
        <include>Linemiddle</include>
        <control type="scrollbar" id="60">
            <left>39r</left>
            <top>135</top>
            <height>870</height>
            <onleft>50</onleft>
            <onright>noop</onright>
        </control>
        <include>WindowsTopInfos</include>
        <include>Left_Panel_Addons</include>
        <control type="group" description="Side menu 9000 group">
            <visible allowhiddenfocus="true">ControlGroup(9000).HasFocus()</visible>
            <include>9000slide</include>
            <control type="image" description="List back">
                <top>-10</top>
                <left>-80</left>
                <width>580</width>
                <height>1100</height>
                <aspectratio>stretch</aspectratio>
                <texture border="50">sidepanel/Back.png</texture>
            </control>
            <control type="grouplist" id="9000">
                <left>0</left>
                <align>left</align>
                <include>DialogGLs</include>
                <control type="button" id="0">
                    <enable>false</enable>
                    <texturenofocus colordiffuse="silver">images/buttonselect1.png</texturenofocus>
                    <include>DialogButt</include>
                    <label>•• $LOCALIZE[33063] ••</label>
                </control>
                <control type="button" id="3" description="Sort">
                    <texturefocus colordiffuse="$VAR[diffuseselect]">images/buttonselect1.png</texturefocus>
                    <include>DialogButt</include>
                </control>
                <control type="togglebutton" id="4" description="SortOrder">
                    <texturefocus colordiffuse="$VAR[diffuseselect]">images/buttonselect1.png</texturefocus>
                    <alttexturefocus colordiffuse="$VAR[diffuseselect]">images/buttonselect1.png</alttexturefocus>
                    <include>DialogButt</include>
                    <label>$INFO[Container.SortOrder]</label>
                    <usealttexture>Container.SortDirection(Ascending)</usealttexture>
                </control>
                <control type="radiobutton" id="7" description="language filter">
                    <texturefocus colordiffuse="$VAR[diffuseselect]">images/buttonselect1.png</texturefocus>
                    <include>DialogButt</include>
                    <label>25001</label>
                </control>
                <control type="radiobutton" id="8" description="Hide Broken">
                    <texturefocus colordiffuse="$VAR[diffuseselect]">images/buttonselect1.png</texturefocus>
                    <include>DialogButt</include>
                    <label>24999</label>
                </control>
                <control type="button" id="9">
                    <description>Check for updates</description>
                    <include>DialogButt</include>
                    <label>24034</label>
                </control>
                <control type="button" id="100">
                    <enable>false</enable>
                    <texturenofocus colordiffuse="silver">images/buttonselect1.png</texturenofocus>
                    <include>DialogButt</include>
                    <label>•• $LOCALIZE[24069] ••</label>
                </control>
                <control type="group" id="105">
                    <height>100</height>
                    <control type="button" id="101" description="Updates_fakegroupbutton">
                        <ondown>6</ondown>
                        <onup>100</onup>
                        <height>100</height>
                        <texturefocus colordiffuse="$VAR[diffuseselect]">images/buttonselect1.png</texturefocus>
                        <include>DialogButt</include>
                        <label></label>
                        <onclick>SendClick(,5)</onclick>
                    </control>
                    <control type="textbox" description="Updates">
                        <centerleft>235</centerleft>
                        <height>100</height>
                        <width>400</width>
                        <font>size33</font>
                        <align>center</align>
                        <texturefocus colordiffuse="$VAR[diffuseselect]">images/buttonselect1.png</texturefocus>
                        <label>$INFO[Control.GetLabel(5)]</label>
                    </control>
                </control>
                <control type="togglebutton" id="6" description="Notifications">
                    <!--<height>120</height>-->
                    <texturefocus colordiffuse="$VAR[diffuseselect]">images/buttonselect1.png</texturefocus>
                    <alttexturefocus colordiffuse="$VAR[diffuseselect]">images/buttonselect1.png</alttexturefocus>
                    <aligny>top</aligny>
                    <include>DialogButt</include>
                    <label>$LOCALIZE[25000]: $LOCALIZE[106]</label>
                    <altlabel>$LOCALIZE[25000]: $LOCALIZE[107]</altlabel>
                </control>

                <control type="button" id="699" description="Playing">
                    <enable>Player.HasMedia</enable>
                    <texturefocus colordiffuse="$VAR[diffuseselect]">images/buttonselect1.png</texturefocus>
                    <include>DialogButt</include>
                    <label>16003</label>
                    <onclick>fullscreen</onclick>
                </control>
            </control>
        </control>
        <control type="label">
            <description>Page Count Label</description>
            <left>40r</left>
            <top>50r</top>
            <width>500</width>
            <height>20</height>
            <font>font12</font>
            <textcolor>gray</textcolor>
            <scroll>false</scroll>
            <align>right</align>
            <aligny>center</aligny>
            <label>$LOCALIZE[31000] ([COLOR=White]$INFO[Container.CurrentPage]/$INFO[Container.NumPages][/COLOR])</label>
        </control>
        <control type="button" id="5" description="HIDDEN BUTTON Updates">
            <texturefocus colordiffuse="$VAR[diffuseselect]">images/buttonselect1.png</texturefocus>
            <font>-</font>
            <include>DialogButt</include>
        </control>
    </controls>
</window>
