<?xml version="1.0" encoding="UTF-8"?>
<includes>
    <include name="Scrollanim">
        <animation condition="Control.HasFocus(60)" effect="fade" start="100" end="0" time="250" reversible="true">Conditional</animation>
    </include>
    <include name="Keyboardbuttons">
        <width>130</width>
        <height>50</height>
        <texturenofocus border="3">keyb/plain.png</texturenofocus>
        <texturefocus border="3">keyb/selectedalt.png</texturefocus>
        <alttexturenofocus border="3">keyb/plainalt.png</alttexturenofocus>
        <alttexturefocus border="3">keyb/selectedalt.png</alttexturefocus>
        <align>center</align>
        <aligny>center</aligny>
        <textoffsetx>0</textoffsetx>
        <font>size33B</font>
    </include>
    <!--PANEL FOR BIG LIST-->
    <include name="left_Panel">
        <control type="group" description="ICON no PLOT">
            <visible>String.IsEmpty(ListItem.Plot) | Control.IsVisible(51)</visible>
            <control type="image" description="Thumb">
                <!--<visible>ListItem.IsFolder + ![[Container.Content(sets) | Container.Content(Actors)] + !String.IsEmpty(ListItem.Thumb)]</visible>-->
                <visible>String.IsEmpty(Container.FolderPath) | String.IsEmpty(ListItem.Thumb)</visible>
                <centerleft>480</centerleft>
                <centertop>540</centertop>
                <width>600</width>
                <height>800</height>
                <fadetime>200</fadetime>
                <texture diffuse="images/Diffuse.png" background="true">$VAR[locandine]</texture>
                <aspectratio aligny="center">keep</aspectratio>
            </control>
            <control type="image" description="Thumb">
                <!--<visible>!ListItem.IsFolder | [[Container.Content(sets) | Container.Content(Actors)] + !String.IsEmpty(ListItem.Thumb)]</visible>-->
                <visible>!String.IsEmpty(Container.FolderPath) + !String.IsEmpty(ListItem.Thumb)</visible>
                <centerleft>480</centerleft>
                <centertop>540</centertop>
                <width>600</width>
                <height>800</height>
                <fadetime>200</fadetime>
                <bordertexture colordiffuse="main">images/white.png</bordertexture>
                <bordersize>4</bordersize>
                <texture diffuse="images/Diffuse.png" background="true">$VAR[locandine]</texture>
                <aspectratio aligny="center">keep</aspectratio>
            </control>
            <control type="image">
                <visible>!String.IsEmpty(ListItem.Mpaa)</visible>
                <!--<animation condition="!Container.Content(Episodes)" effect="slide" end="0,320">Conditional</animation>-->
                <left>640</left>
                <top>850</top>
                <height>100</height>
                <width>100</width>
                <aspectratio>keep</aspectratio>
                <fadetime>200</fadetime>
                <texture>$INFO[ListItem.MPAA,Mpaa/,.png]</texture>
            </control>
        </control>
        <control type="group" description="ICON + PLOT">
            <top>120</top>
            <visible>!String.IsEmpty(ListItem.Plot) + !Control.IsVisible(51)</visible>
            <control type="image" description="Thumb">
                <centerleft>480</centerleft>
                <width>756</width>
                <height>470</height>
                <texture background="true">$VAR[locandine]</texture>
                <fadetime>200</fadetime>
                <bordertexture border="2" colordiffuse="main">images/dvdbox.png</bordertexture>
                <bordersize>1</bordersize>
                <aspectratio>keep</aspectratio>
            </control>
            <control type="label" description="first aired">
                <visible>Container.Content(episodes)</visible>
                <top>400</top>
                <centerleft>480</centerleft>
                <width>600</width>
                <height>30</height>
                <align>center</align>
                <shadowcolor>-</shadowcolor>
                <label>[B]$INFO[ListItem.Premiered,$LOCALIZE[20416]: ][/B]</label>
            </control>
            <control type="image" description="Studio">
                <visible>!String.IsEmpty(listItem.Studio)</visible>
                <centerleft>480</centerleft>
                <top>-100</top>
                <width>161</width>
                <height>100</height>
                <fadetime>100</fadetime>
                <texture background="true">resource://resource.images.studios.white/$INFO[ListItem.Studio,,.png]</texture>
                <aspectratio>keep</aspectratio>
            </control>
            <control type="group" description="EPISODES BADGES">
                <top>430</top>
                <left>260</left>
                <visible>!String.IsEmpty(ListItem.Property(UnwatchedEpisodes)) + [container.content(TVshows) | container.content(seasons)] + !StringCompare(ListItem.Property(UnwatchedEpisodes),0)</visible>
                <animation effect="fade" time="160" delay="100">Visible</animation>
                <animation effect="fade" end="0">Hidden</animation>
                <control type="image">
                    <centerleft>35</centerleft>
                    <height>75</height>
                    <width>75</width>
                    <aspectratio>keep</aspectratio>
                    <texture>badges/badgecount.png</texture>
                </control>
                <control type="label" description="nuberofunwatched">
                    <centerleft>35</centerleft>
                    <height>72</height>
                    <width>80</width>
                    <font>size28</font>
                    <align>center</align>
                    <textcolor>FFFFFFFF</textcolor>
                    <shadowcolor>-</shadowcolor>
                    <label>$INFO[ListItem.Property(UnwatchedEpisodes)]</label>
                </control>
            </control>
            <control type="grouplist">
                <top>520</top>
                <centerleft>480</centerleft>
                <width>880</width>
                <height>50</height>
                <orientation>horizontal</orientation>
                <itemgap>5</itemgap>
                <align>center</align>
                <control type="image">
                    <visible>![Container.Content(tvshows) | Container.Content(Seasons)]</visible>
                    <height>35</height>
                    <width>91</width>
                    <aspectratio>keep</aspectratio>
                    <texture>$INFO[ListItem.VideoResolution,badges/Video/,.png]</texture>
                </control>
                <control type="image">
                    <visible>![Container.Content(tvshows) | Container.Content(Seasons)]</visible>
                    <height>35</height>
                    <width>91</width>
                    <aspectratio>keep</aspectratio>
                    <texture>$INFO[ListItem.VideoCodec,badges/Video/,.png]</texture>
                </control>
                <control type="image">
                    <visible>![Container.Content(tvshows) | Container.Content(Seasons)]</visible>
                    <height>35</height>
                    <width>91</width>
                    <aspectratio>keep</aspectratio>
                    <texture>$INFO[ListItem.AudioCodec,badges/Audio/,.png]</texture>
                </control>
                <control type="image">
                    <visible>!String.IsEmpty(ListItem.AudioChannels)</visible>
                    <height>35</height>
                    <width>91</width>
                    <aspectratio>keep</aspectratio>
                    <texture>$INFO[ListItem.AudioChannels,badges/,.png]</texture>
                </control>
                <control type="image">
                    <visible>![Container.Content(tvshows) | Container.Content(Seasons)]</visible>
                    <height>35</height>
                    <width>91</width>
                    <aspectratio>keep</aspectratio>
                    <texture>$INFO[ListItem.FileExtension,badges/Video/,.png]</texture>
                </control>
            </control>
            <control type="image">
                <visible>!String.IsEmpty(ListItem.Mpaa)</visible>
                <animation condition="!Container.Content(Episodes)" effect="slide" end="460,340">Conditional</animation>
                <left>150</left>
                <top>60</top>
                <height>100</height>
                <width>100</width>
                <aspectratio>keep</aspectratio>
                <texture>$VAR[MPAAS,Mpaa/,.png]</texture>
            </control>
            <control type="image" description="Stars">
                <visible>!String.IsEmpty(ListItem.Rating)</visible>
                <centerleft>480</centerleft>
                <top>480</top>
                <height>24</height>
                <width>135</width>
                <aspectratio>keep</aspectratio>
                <texture colordiffuse="main">$INFO[ListItem.Rating,badges/,.png]</texture>
            </control>
            <control type="image">
                <centerleft>480</centerleft>
                <top>570</top>
                <width>756</width>
                <height>1</height>
                <texture>lines/Line1.png</texture>
            </control>
            <control type="textbox" description="plot">
                <centerleft>480</centerleft>
                <top>570</top>
                <width>800</width>
                <height>350</height>
                <align>justify</align>
                <font>size26</font>
                <label>$INFO[ListItem.Plot]</label>
            </control>
            <control type="image">
                <centerleft>480</centerleft>
                <top>920</top>
                <width>756</width>
                <height>1</height>
                <texture>lines/Line1.png</texture>
            </control>
        </control>
    </include>
    <include name="left_Panel_livetv">
        <control type="group" description="Thumbs with info">
            <top>80</top>
            <left>120</left>
            <animation effect="fade" time="400">Visible</animation>
            <animation effect="fade" time="0">Hidden</animation>
            <control type="image">
                <top>550</top>
                <width>756</width>
                <height>1</height>
                <texture>lines/Line.png</texture>
            </control>
            <control type="textbox" description="plot">
                <top>550</top>
                <width>756</width>
                <height>350</height>
                <align>justify</align>
                <label>$INFO[ListItem.Plot]</label>
            </control>
            <control type="image">
                <top>900</top>
                <width>756</width>
                <height>1</height>
                <texture>lines/Line.png</texture>
            </control>
        </control>
    </include>

    <include name="SlimListItemCount">
        <animation effect="slide" start="0,0" end="0,-405" time="0" condition="StringCompare(Container.NumItems,1)">conditional</animation>
        <animation effect="slide" start="0,0" end="0,-324" time="0" condition="StringCompare(Container.NumItems,2)">conditional</animation>
        <animation effect="slide" start="0,0" end="0,-324" time="0" condition="StringCompare(Container.NumItems,3)">conditional</animation>
        <animation effect="slide" start="0,0" end="0,-243" time="0" condition="StringCompare(Container.NumItems,4)">conditional</animation>
        <animation effect="slide" start="0,0" end="0,-243" time="0" condition="StringCompare(Container.NumItems,5)">conditional</animation>
        <animation effect="slide" start="0,0" end="0,-162" time="0" condition="StringCompare(Container.NumItems,6)">conditional</animation>
        <animation effect="slide" start="0,0" end="0,-162" time="0" condition="StringCompare(Container.NumItems,7)">conditional</animation>
        <animation effect="slide" start="0,0" end="0,-81" time="0" condition="StringCompare(Container.NumItems,8)">conditional</animation>
        <animation effect="slide" start="0,0" end="0,-81" time="0" condition="StringCompare(Container.NumItems,9)">conditional</animation>
    </include>
    <include name="LargeListItemCount">
        <animation effect="slide" start="0,0" end="0,-333" time="0" condition="StringCompare(Container.NumItems,1)">conditional</animation>
        <animation effect="slide" start="0,0" end="0,-222" time="0" condition="StringCompare(Container.NumItems,2)">conditional</animation>
        <animation effect="slide" start="0,0" end="0,-222" time="0" condition="StringCompare(Container.NumItems,3)">conditional</animation>
        <animation effect="slide" start="0,0" end="0,-111" time="0" condition="StringCompare(Container.NumItems,4)">conditional</animation>
        <animation effect="slide" start="0,0" end="0,-111" time="0" condition="StringCompare(Container.NumItems,5)">conditional</animation>
    </include>
    <include name="SlimListSlider">
        <control type="group" description="Slider">
            <include>Scrollanim</include>
            <include>slider</include>
            <animation condition="Container.Position(0)" effect="slide" end="0,-405" time="180" easing="inout" reversible="true">Conditional</animation>
            <animation condition="Container.Position(1)" effect="slide" end="0,-324" time="180" easing="inout" reversible="true">Conditional</animation>
            <animation condition="Container.Position(2)" effect="slide" end="0,-243" time="180" easing="inout" reversible="true">Conditional</animation>
            <animation condition="Container.Position(3)" effect="slide" end="0,-162" time="180" easing="inout" reversible="true">Conditional</animation>
            <animation condition="Container.Position(4)" effect="slide" end="0,-81" time="180" easing="inout" reversible="true">Conditional</animation>
            <animation condition="Container.Position(6)" effect="slide" end="0,81" time="180" easing="inout" reversible="true">Conditional</animation>
            <animation condition="Container.Position(7)" effect="slide" end="0,162" time="180" easing="inout" reversible="true">Conditional</animation>
            <animation condition="Container.Position(8)" effect="slide" end="0,243" time="180" easing="inout" reversible="true">Conditional</animation>
            <animation condition="Container.Position(9)" effect="slide" end="0,324" time="180" easing="inout" reversible="true">Conditional</animation>
            <animation condition="Container.Position(10)" effect="slide" end="0,405" time="180" easing="inout" reversible="true">Conditional</animation>
        </control>
    </include>
    <include name="FullscreenInfoLabel">
        <left>320</left>
        <width>1184</width>
        <scroll>false</scroll>
        <font>size42B</font>
        <textcolor>orange</textcolor>
    </include>
    <include name="MusicInfo">
        <control type="image" description="Thumb">
            <centerleft>480</centerleft>
            <centertop>450</centertop>
            <width>600</width>
            <height>600</height>
            <include>Icon_Fade</include>
            <texture background="true" fallback="defaultalbumcover.png">$VAR[locandine]</texture>
            <aspectratio>keep</aspectratio>
        </control>
        <control type="image" description="border">
            <visible>[Container.Content(artists) | Container.Content(albums) | Container.Content(songs)] + !StringCompare(ListItem.Label,..)</visible>
            <centerleft>480</centerleft>
            <centertop>450</centertop>
            <width>600</width>
            <height>600</height>
            <texture background="true" border="3">$VAR[dvdbox]</texture>
        </control>
        <control type="group">
            <visible>!StringCompare(ListItem.Label,..)</visible>
            <visible>!String.IsEmpty(ListItem.Artist)</visible>
            <left>120</left>
            <top>770</top>
            <control type="label" description="Artist">
                <visible>!String.IsEmpty(ListItem.Artist) + String.IsEmpty(ListItem.Album)</visible>
                <font>size36</font>
                <width>720</width>
                <height>36</height>
                <align>center</align>
                <scroll>false</scroll>
                <textcolor>orange</textcolor>
                <label>[B]$INFO[ListItem.Artist][/B]</label>
            </control>
            <control type="label" description="Album">
                <visible>!String.IsEmpty(ListItem.Album)</visible>
                <font>size36</font>
                <width>720</width>
                <height>36</height>
                <align>center</align>
                <scroll>false</scroll>
                <textcolor>orange</textcolor>
                <label>[B]$INFO[ListItem.Album] $INFO[ListItem.Year,(,)][/B]</label>
            </control>
            <control type="image" description="Rating">
                <top>40</top>
                <height>27</height>
                <width>150</width>
                <colordiffuse>main</colordiffuse>
                <aspectratio align="left">keep</aspectratio>
                <texture colordiffuse="main">$INFO[ListItem.StarRating]</texture>
            </control>
            <control type="image" description="Separator">
                <top>82</top>
                <height>1</height>
                <width>780</width>
                <aspectratio>stretch</aspectratio>
                <texture colordiffuse="main">lines/Line1.png</texture>
            </control>
            <control type="grouplist" description="Labels">
                <top>90</top>
                <width>808</width>
                <orientation>vertical</orientation>
                <control type="label" description="Album">
                    <visible>!String.IsEmpty(ListItem.Album)</visible>
                    <font>size26</font>
                    <width>750</width>
                    <height>30</height>
                    <scroll>false</scroll>
                    <label>$LOCALIZE[557]: $INFO[ListItem.Artist]</label>
                </control>
                <control type="label" description="Born/Formed">
                    <visible>String.IsEmpty(ListItem.Album) + [!String.IsEmpty(ListItem.Property(Artist_Born)) | !String.IsEmpty(ListItem.Property(Artist_Formed))]</visible>
                    <font>size26</font>
                    <width>750</width>
                    <height>30</height>
                    <scroll>false</scroll>
                    <label>$LOCALIZE[21893]/$LOCALIZE[21894]: $INFO[ListItem.Property(Artist_Born)]$INFO[ListItem.Property(Artist_Formed)]</label>
                </control>
                <control type="label" description="Died/Disbanded">
                    <visible>String.IsEmpty(ListItem.Album) + ![String.IsEmpty(ListItem.Property(Artist_Died)) + String.IsEmpty(ListItem.Property(Artist_Died))]</visible>
                    <font>size26</font>
                    <width>750</width>
                    <height>30</height>
                    <scroll>false</scroll>
                    <label>$LOCALIZE[21897]/$LOCALIZE[21896]: $INFO[ListItem.Property(Artist_Died)]$INFO[ListItem.Property(Artist_Disbanded)]</label>
                </control>
                <control type="label" description="Genre">
                    <visible>!String.IsEmpty[ListItem.Genre]</visible>
                    <font>size26</font>
                    <width>750</width>
                    <height>30</height>
                    <label>$LOCALIZE[515]:  $INFO[ListItem.Genre]</label>
                </control>
                <control type="label" description="RecordLabel">
                    <visible>!String.IsEmpty(ListItem.Property(Album_Label))</visible>
                    <font>size26</font>
                    <width>750</width>
                    <height>30</height>
                    <label>$LOCALIZE[21899]: $INFO[ListItem.Property(Album_Label)]</label>
                </control>
                <control type="label" description="format">
                    <visible>!String.IsEmpty(ListItem.FileExtension)</visible>
                    <font>size26</font>
                    <width>750</width>
                    <height>30</height>
                    <label>$LOCALIZE[21446]: $INFO[ListItem.FileExtension]</label>
                </control>
            </control>
        </control>
    </include>
    <include name="SmallListMainLabel">
        <left>45</left>
        <height>80</height>
        <width>630</width>
        <aligny>center</aligny>
        <scroll>false</scroll>
        <font>size30</font>
        <textcolor>maindim</textcolor>
        <shadowcolor>-</shadowcolor>
    </include>

    <include name="BigListTitle">
        <left>128</left>
        <top>10</top>
        <height>50</height>
        <width>720</width>
        <aligny>center</aligny>
        <font>size30</font>
        <scroll>false</scroll>
        <textcolor>maindim</textcolor>
    </include>

    <include name="BigListTitleFO">
        <left>128</left>
        <top>10</top>
        <height>50</height>
        <width>720</width>
        <aligny>center</aligny>
        <font>size30</font>
        <scroll>true</scroll>
        <shadowcolor>-</shadowcolor>
    </include>

    <include name="BigListDetails">
        <left>128</left>
        <top>63</top>
        <height>33</height>
        <width>350</width>
        <font>size27</font>
        <scroll>false</scroll>
        <textcolor>maindim</textcolor>
        <shadowcolor>-</shadowcolor>
    </include>

    <include name="Watched_Marks">
        <control type="image">
            <visible>Container.Content(TVShows) | Container.Content(Seasons) | Container.Content(Movies) | Container.Content(episodes) | Control.IsVisible(13) | Control.IsVisible(10)</visible>
            <height>81</height>
            <width>30</width>
            <texture>$VAR[WatchStatus,overlay/]</texture>
            <aspectratio>keep</aspectratio>
        </control>
    </include>

    <include name="Watched_MarksLW">
        <control type="image">
            <visible>Container.Content(TVShows) | Container.Content(Seasons) | Container.Content(Movies) | Container.Content(episodes) | Control.IsVisible(13) | Control.IsVisible(10)</visible>
            <left>8</left>
            <height>111</height>
            <width>30</width>
            <texture>$VAR[WatchStatus,overlay/]</texture>
            <aspectratio>keep</aspectratio>
        </control>
    </include>

    <include name="HD_Badge">
        <control type="image">
            <animation effect="slide" end="0,14" condition="!ListItem.IsStereoscopic">Conditional</animation>
            <visible>!String.IsEmpty(ListItem.VideoResolution)</visible>
            <visible>IntegerGreaterThan(ListItem.VideoResolution,700)</visible>
            <left>42r</left>
            <height>50</height>
            <width>42</width>
            <aspectratio>keep</aspectratio>
            <texture>badges/720.png</texture>
        </control>
        <control type="image">
            <visible>ListItem.IsStereoscopic</visible>
            <top>33</top>
            <left>42r</left>
            <height>50</height>
            <width>42</width>
            <aspectratio>keep</aspectratio>
            <texture>badges/3d.png</texture>
        </control>
    </include>

    <include name="HD_Badge_LL">
        <control type="image">
            <animation effect="slide" end="0,14" condition="!ListItem.IsStereoscopic">Conditional</animation>
            <visible>!String.IsEmpty(ListItem.VideoResolution)</visible>
            <visible>IntegerGreaterThan(ListItem.VideoResolution,700)</visible>
            <top>14</top>
            <left>42r</left>
            <height>50</height>
            <width>42</width>
            <aspectratio>keep</aspectratio>
            <texture>badges/720.png</texture>
        </control>
        <control type="image">
            <visible>ListItem.IsStereoscopic</visible>
            <top>50</top>
            <left>42r</left>
            <height>50</height>
            <width>42</width>
            <aspectratio>keep</aspectratio>
            <texture>badges/3d.png</texture>
        </control>
        <control type="image">
            <visible>ListItem.IsCollection + !SubString(ListItem.Label,..)</visible>
            <top>28</top>
            <left>42r</left>
            <height>50</height>
            <width>42</width>
            <aspectratio>keep</aspectratio>
            <texture>badges/sets.png</texture>
        </control>
    </include>

    <include name="Sets">
        <control type="image" description="Sets">
            <visible>Window.IsActive(MyVideoNav.xml)</visible>
            <visible>ListItem.IsCollection</visible>
            <left>82r</left>
            <height>81</height>
            <width>45</width>
            <aspectratio align="right">keep</aspectratio>
            <texture>badges/sets.png</texture>
        </control>
    </include>

    <include name="SetsFO">
        <control type="image" description="Sets">
            <visible>Window.IsActive(MyVideoNav.xml)</visible>
            <visible>ListItem.IsCollection</visible>
            <left>82r</left>
            <height>81</height>
            <width>45</width>
            <aspectratio align="right">keep</aspectratio>
            <texture>badges/setsFO.png</texture>
        </control>
    </include>

    <include name="SetsLW">
        <control type="image" description="Sets">
            <visible>Window.IsActive(MyVideoNav.xml)</visible>
            <visible>ListItem.IsCollection</visible>
            <left>82r</left>
            <height>111</height>
            <width>45</width>
            <aspectratio align="right">keep</aspectratio>
            <texture>badges/sets.png</texture>
        </control>
    </include>

    <include name="SetsFOLW">
        <control type="image" description="Sets">
            <visible>Window.IsActive(MyVideoNav.xml)</visible>
            <visible>ListItem.IsCollection</visible>
            <left>82r</left>
            <height>111</height>
            <width>45</width>
            <aspectratio align="right">keep</aspectratio>
            <texture>badges/setsFO.png</texture>
        </control>
    </include>

    <include name="LargeListAddonsLayout">
        <itemlayout condition="container.content(addons)" width="802" height="111">
            <control type="group">
                <control type="image">
                    <left>9</left>
                    <top>9</top>
                    <height>93</height>
                    <width>93</width>
                    <texture>$INFO[ListItem.Icon]</texture>
                    <aspectratio>keep</aspectratio>
                </control>
            </control>
            <control type="label" description="Main Label">
                <top>27</top>
                <width>600</width>
                <include>BigListTitle</include>
                <label>$INFO[ListItem.Label]</label>
            </control>
            <control type="label" description="Label2">
                <width>600</width>
                <include>BigListDetails</include>
                <label>$INFO[ListItem.Label2]</label>
            </control>
            <include>listline</include>
        </itemlayout>
        <focusedlayout condition="container.content(addons)" width="802" height="111">
            <include>LargeSelector</include>
            <control type="group">
                <control type="image">
                    <left>9</left>
                    <top>9</top>
                    <height>93</height>
                    <width>93</width>
                    <texture background="true">$INFO[ListItem.Icon]</texture>
                    <aspectratio>keep</aspectratio>
                </control>
            </control>
            <control type="label" description="Main Label">
                <top>27</top>
                <width>600</width>
                <include>BigListTitleFO</include>
                <label>$INFO[ListItem.Label]</label>
            </control>
            <control type="label" description="Label2">
                <width>600</width>
                <include>BigListDetails</include>
                <label>$INFO[ListItem.Label2]</label>
            </control>
            <control type="image">
                <width>900</width>
                <height>1</height>
                <texture>lines/Line.png</texture>
            </control>
        </focusedlayout>
    </include>
    <include name="LargeListLayout">
        <itemlayout width="890" height="111">
            <include>Watched_MarksLW</include>
            <include>HD_Badge_LL</include>
            <control type="group">
                <animation condition="String.IsEmpty(ListItem.Label2) + String.IsEmpty(ListItem.Duration) + String.IsEmpty(ListItem.Year) + String.IsEmpty(ListItem.Artist)" effect="slide" end="0,20" time="0" reversible="true">Conditional</animation>
                <control type="label" description="Main Label">
                    <left>45</left>
                    <width>725</width>
                    <include>BigListTitle</include>
                    <label>$INFO[ListItem.Label]</label>
                </control>
            </control>
            <control type="group">
                <control type="label" description="Label2">
                    <visible>[!String.IsEmpty(ListItem.Artist) | Container.Content(Movies) | Container.Content(TvShows)] + !Container.Content(songs)</visible>
                    <left>45</left>
                    <width>630</width>
                    <include>BigListDetails</include>
                    <label>$INFO[ListItem.Year]$INFO[ListItem.Duration, • , $LOCALIZE[31038]]$INFO[ListItem.label2, • $LOCALIZE[563]:]$INFO[ListItem.Votes, • ,$LOCALIZE[205]]</label>
                </control>
                <control type="label" description="Label2">
                    <visible>container.content(episodes) | Container.Content(songs)</visible>
                    <left>45</left>
                    <align>left</align>
                    <include>BigListDetails</include>
                    <label>$INFO[ListItem.Duration,$LOCALIZE[180]: , $LOCALIZE[31038]]</label>
                </control>
            </control>
            <include>listline</include>
        </itemlayout>
        <focusedlayout width="890" height="111">
            <include>LargeSelector</include>
            <include>Watched_MarksLW</include>
            <include>HD_Badge_LL</include>
            <control type="group">
                <animation condition="String.IsEmpty(ListItem.Label2) + String.IsEmpty(ListItem.Duration) + String.IsEmpty(ListItem.Year)  + String.IsEmpty(ListItem.Artist)" effect="slide" start="0,0" end="0,20" time="0" reversible="true">Conditional</animation>
                <control type="label" description="Main Label">
                    <left>45</left>
                    <width>725</width>
                    <include>BigListTitleFO</include>
                    <label>$INFO[ListItem.Label]</label>
                </control>
            </control>
            <control type="label" description="Label2">
                <visible>[!String.IsEmpty(ListItem.Artist) | Container.Content(Movies) | Container.Content(TvShows)] + !Container.Content(songs)</visible>
                <left>45</left>
                <width>630</width>
                <include>BigListDetails</include>
                <label>$INFO[ListItem.Year]$INFO[ListItem.Duration, • , $LOCALIZE[31038]]$INFO[ListItem.label2, • $LOCALIZE[563]:]$INFO[ListItem.Votes, • ,$LOCALIZE[205]]</label>
            </control>
            <control type="label" description="Label2">
                <visible>container.content(episodes) | Container.Content(songs)</visible>
                <left>45</left>
                <align>left</align>
                <include>BigListDetails</include>
                <label>$INFO[ListItem.Duration,$LOCALIZE[180]: , $LOCALIZE[31038]]</label>
            </control>
            <include>listline</include>
        </focusedlayout>
    </include>
    <include name="ButtonMenu">
        <description>used in Music slidup menu</description>
        <width>525</width>
        <height>69</height>
        <font>size36</font>
        <align>center</align>
        <textoffsetx>20</textoffsetx>
    </include>
    <include name="SmallButt">
        <width>200</width>
        <height>40</height>
        <font>size22</font>
        <align>center</align>
    </include>
    <include name="DialogGLs">
        <centerleft>960</centerleft>
        <centertop>540</centertop>
        <width>470</width>
        <height>1000</height>
        <itemgap>3</itemgap>
        <onleft>50</onleft>
        <onright>50</onright>
        <onup>noop</onup>
        <ondown>noop</ondown>
        <align>center</align>
        <!--<scrolltime>200</scrolltime>-->
    </include>
    <include name="DialogButt">
        <width>470</width>
        <height>56</height>
        <textoffsetx>0</textoffsetx>
        <align>center</align>
        <aligny>center</aligny>
        <font>size33</font>
    </include>
    <include name="DetailsVideoInfoCommons">
        <left>0</left>
        <width>270</width>
        <height>38</height>
        <align>left</align>
        <scroll>false</scroll>
        <font>size26</font>
    </include>
    <include name="Genre52Commons">
        <top>-24</top>
        <font>size27</font>
        <textcolor>dimgray</textcolor>
        <width>762</width>
        <height>36</height>
        <align>left</align>
        <scroll>false</scroll>
    </include>
    <include name="FlagsAudioInfo">
        <control type="group" description="Furniture">
            <control type="grouplist">
                <left>0</left>
                <width>690</width>
                <height>36</height>
                <itemgap>30</itemgap>
                <orientation>horizontal</orientation>
                <align>left</align>
                <aligny>center</aligny>
                <control type="image" description="Rating">
                    <left>102</left>
                    <top>1035</top>
                    <height>36</height>
                    <width>150</width>
                    <colordiffuse>dimgray</colordiffuse>
                    <aspectratio align="left">keep</aspectratio>
                    <texture colordiffuse="main">$INFO[ListItem.StarRating]</texture>
                </control>
                <control type="image">
                    <visible>Container.content(songs) + !String.IsEmpty(ListItem.FileExtension)</visible>
                    <left>777</left>
                    <top>1034</top>
                    <height>45</height>
                    <width>90</width>
                    <bordersize>3</bordersize>
                    <aspectratio>keep</aspectratio>
                    <colordiffuse>dimgray</colordiffuse>
                    <texture>$INFO[ListItem.FileExtension,badges/audio/,.png]</texture>
                </control>
            </control>
        </control>
    </include>

    <include name="SettingsSubmenuButtons">
        <width>1400</width>
        <textoffsetx>22</textoffsetx>
        <height>70</height>
        <align>left</align>
        <texturefocus colordiffuse="$VAR[diffuseselect]">images/buttonselect2.png</texturefocus>
        <disabledcolor>dimgray</disabledcolor>
    </include>

    <include name="Help_Panel">
        <centerleft>480</centerleft>
        <width>540</width>
        <height>420</height>
        <aspectratio align="center">keep</aspectratio>
    </include>

    <include name="CustomizerList">
        <include>ShelfFade</include>
        <onup>303</onup>
        <ondown>50</ondown>
        <left>72</left>
        <top>120</top>
        <width>1776</width>
        <height>402</height>
        <orientation>horizontal</orientation>
        <scrolltime>400</scrolltime>
        <itemlayout height="357" width="354">
            <control type="label">
                <centerleft>178</centerleft>
                <top>178</top>
                <width>345</width>
                <height>30</height>
                <font>size26</font>
                <textcolor>main</textcolor>
                <label>+ $INFO[ListItem.label2]</label>
                <align>center</align>
            </control>
            <control type="image">
                <left>27</left>
                <top>27</top>
                <width>303</width>
                <height>303</height>
                <texture background="true">default$INFO[ListItem.label2].png</texture>
                <colordiffuse>33FFFFFF</colordiffuse>
                <aspectratio>scale</aspectratio>
            </control>
            <control type="image">
                <left>27</left>
                <top>27</top>
                <width>303</width>
                <height>303</height>
                <texture background="true">$INFO[ListItem.Thumb]</texture>
                <aspectratio>scale</aspectratio>
            </control>
        </itemlayout>
        <focusedlayout height="357" width="354">
            <control type="label">
                <centerleft>178</centerleft>
                <top>178</top>
                <width>345</width>
                <height>30</height>
                <font>size26</font>
                <textcolor>main</textcolor>
                <label>+ $INFO[ListItem.Label2]</label>
                <align>center</align>
            </control>
            <control type="image">
                <left>27</left>
                <top>27</top>
                <width>303</width>
                <height>303</height>
                <texture background="true">default$INFO[ListItem.label2].png</texture>
                <colordiffuse>33FFFFFF</colordiffuse>
                <aspectratio>scale</aspectratio>
            </control>
            <control type="image">
                <left>27</left>
                <top>27</top>
                <width>303</width>
                <height>303</height>
                <texture background="true">$INFO[ListItem.Thumb]</texture>
                <aspectratio>scale</aspectratio>
            </control>
            <control type="image">
                <left>17</left>
                <top>17</top>
                <width>323</width>
                <height>323</height>
                <texture border="10">images/generalslider.png</texture>
            </control>
            <control type="label" description="title">
                <left>0</left>
                <top>316</top>
                <width>360</width>
                <align>center</align>
                <font>size22</font>
                <label>$INFO[ListItem.label]</label>
            </control>
        </focusedlayout>
    </include>

    <include name="Left_Panel_Addons">
        <control type="group" description="Stage">
            <visible>String.IsEmpty(Container.FolderPath)</visible>
            <control type="image" description="Thumb">
                <left>262</left>
                <top>140</top>
                <width>495</width>
                <height>495</height>
                <include>Icon_Fade</include>
                <texture background="true">DefaultAddon.png</texture>
                <aspectratio scalediffuse="false">scale</aspectratio>
            </control>
            <control type="image">
                <left>165</left>
                <top>630</top>
                <width>682</width>
                <height>1</height>
                <texture colordiffuse="main">lines/Line.png</texture>
                <aspectratio>stretch</aspectratio>
            </control>
            <control type="label" description="Updates">
                <left>135</left>
                <top>675</top>
                <width>750</width>
                <height>81</height>
                <align>center</align>
                <textcolor>red</textcolor>
                <info>Control.GetLabel(5)</info>
            </control>
            <control type="label" description="Notifications">
                <left>135</left>
                <top>765</top>
                <width>750</width>
                <height>81</height>
                <align>center</align>
                <textcolor>red</textcolor>
                <label>$INFO[Control.GetLabel(6)]</label>
            </control>
        </control>
        <control type="group" description="Thumbs no info">
            <top>240</top>
            <visible>ListItem.IsFolder + !String.IsEmpty(Container.FolderPath)</visible>
            <animation effect="fade" time="200">Visible</animation>
            <animation effect="fade" time="0">Hidden</animation>
            <control type="image" description="Thumb">
                <left>180</left>
                <top>0</top>
                <width>621</width>
                <height>621</height>
                <include>Icon_Fade</include>
                <texture background="false">$INFO[ListItem.Icon]</texture>
                <aspectratio aligny="bottom">keep</aspectratio>
            </control>
        </control>
        <control type="group" description="Faded Info thumbs">
            <visible>!ListItem.IsFolder</visible>
            <animation effect="fade" time="200">Visible</animation>
            <animation effect="fade" time="10">Hidden</animation>
            <control type="group">
                <left>260</left>
                <top>80</top>
                <control type="image" description="Thumb">
                    <width>500</width>
                    <height>500</height>
                    <include>Icon_Fade</include>
                    <texture>$INFO[ListItem.Icon]</texture>
                    <aspectratio aligny="bottom">keep</aspectratio>
                </control>
                 <control type="image" description="Thumb">
                    <width>500</width>
                    <height>500</height>
                    <include>Icon_Fade</include>
                    <texture border="1">images/dvdbox.png</texture>
                </control>
            </control>
        </control>
        <control type="group" description="Addon Description">
            <visible>!ListItem.IsFolder</visible>
            <animation effect="fade" delay="100" time="300">Visible</animation>
            <animation effect="fade" time="10">Hidden</animation>
            <left>110</left>
            <top>27</top>
            <control type="grouplist">
                <left>20</left>
                <top>610</top>
                <itemgap>0</itemgap>
                <control type="label">
                    <width>640</width>
                    <font>size33B</font>
                    <height>45</height>
                    <width>758</width>
                    <height>40</height>
                    <align>left</align>
                    <textcolor>orange</textcolor>
                    <scroll>false</scroll>
                    <label>$INFO[ListItem.Label]</label>
                </control>
                <control type="label" description="More Info">
                    <width>758</width>
                    <height>40</height>
                    <align>left</align>
                    <font>size26</font>
                    <scroll>false</scroll>
                    <label>$LOCALIZE[24051] [COLOR red]$INFO[ListItem.AddonVersion][/COLOR]$INFO[ListItem.AddonCreator, • ]</label>
                </control>
                 <control type="image">
                    <height>1</height>
                    <width>758</width>
                    <texture>lines/Line1.png</texture>
                </control>
                <control type="textbox">
                    <height>270</height>
                    <width>758</width>
                    <textcolor>white</textcolor>
                    <align>justify</align>
                    <autoscroll delay="8000" time="4300" repeat="10000"></autoscroll>
                    <label>*$INFO[ListItem.AddonNews]</label>
                </control>
                <control type="image">
                    <height>1</height>
                    <width>758</width>
                    <texture>lines/Line1.png</texture>
                </control>
                <control type="label" description="Disclaimer">
                    <visible>container.content(addons)</visible>
                    <scroll>true</scroll>
                    <font>size21</font>
                    <textcolor>main</textcolor>
                    <width>758</width>
                    <height>50</height>
                    <align>center</align>
                    <scroll>false</scroll>
                    <label>[COLOR red]$INFO[ListItem.Property(Addon.Disclaimer)][/COLOR]</label>
                </control>
            </control>
        </control>
    </include>
    <include name="statusbiglist">
        <control type="image">
            <left>710</left>
            <top>15</top>
            <width>81</width>
            <height>81</height>
            <texture>$INFO[ListItem.Icon]</texture>
            <visible>![ListItem.IsRecording | ListItem.HasTimer]</visible>
        </control>
        <control type="image" description="rec">
            <left>720</left>
            <top>15</top>
            <height>81</height>
            <width>81</width>
            <texture>pvr/rec.png</texture>
            <visible>ListItem.IsRecording</visible>
        </control>
        <control type="image" description="timer">
            <left>720</left>
            <top>15</top>
            <height>81</height>
            <width>81</width>
            <texture>pvr/timer.png</texture>
            <visible>!ListItem.IsRecording + ListItem.HasTimer</visible>
        </control>
    </include>
    <include name="Linemiddle">
        <control type="image">
            <left>959</left>
            <width>1</width>
            <height>1080</height>
            <texture colordiffuse="main">lines/LineV.png</texture>
        </control>
    </include>
    <include name="SmallSelector">
        <control type="image">
            <animation effect="fade" end="0" time="30">UnFocus</animation>
            <width>920</width>
            <height>81</height>
            <texture colordiffuse="$VAR[diffuseselect]">images/buttonselect1.png</texture>
        </control>
    </include>
    <include name="LargeSelector">
        <control type="image">
            <animation effect="fade" end="0" time="30">UnFocus</animation>
            <width>920</width>
            <height>111</height>
            <texture colordiffuse="$VAR[diffuseselect]">images/buttonselect1.png</texture>
        </control>
    </include>
    <include name="listline">
        <control type="image">
            <width>900</width>
            <height>1</height>
            <texture colordiffuse="main">lines/LineL.png</texture>
        </control>
    </include>
</includes>
