<?xml version="1.0" encoding="UTF-8"?>
<window id="1111">
    <defaultcontrol always="true">50</defaultcontrol>
    <backgroundcolor>background</backgroundcolor>
    <include>OpenClose</include>
    <controls>
        <include>BlackBackground</include>
        <control type="image">
            <top>100</top>
            <texture colordiffuse="main">lines/Line.png</texture>
            <width>1920</width>
            <height>1</height>
        </control>
        <control type="group">
            <top>100</top>
            <control type="panel" id="50">
                <centerleft>960</centerleft>
                <width>1760</width>
                <height>980</height>
                <onleft condition="!Skin.HasSetting(ViewsMenuOff)">9000</onleft>
                <onright condition="!Skin.HasSetting(Scrollbars_Passive)">60</onright>
                <onup>50</onup>
                <ondown>50</ondown>
                <pagecontrol>60</pagecontrol>
                <viewtype label="537">Big List</viewtype>
                <focusposition>3</focusposition>
                <preloaditems>2</preloaditems>
                <scrolltime>250</scrolltime>
                <itemlayout height="337" width="225">
                        <control type="image">
                            <left>35</left>
                            <top>24</top>
                            <width>222</width>
                            <height>331</height>
                            <texture>images/white.png</texture>
                            <colordiffuse>FF000000</colordiffuse>
                            <aspectratio>scale</aspectratio>
                        </control>
                        <control type="textbox">
                            <width>225</width>
                            <height>200</height>
                            <font>Size28</font>
                            <info>ListItem.Label</info>
                            <centerleft>147</centerleft>
                            <align>center</align>
                             <bottom>0</bottom>
                        </control>
                    </itemlayout>
                    <focusedlayout height="337" width="225">
                        <control type="group">
                            <animation effect="zoom" center="155,35" end="130" time="200" reversible="true">Focus</animation>
                            <animation effect="zoom" center="155,35" start="130" end="100" time="100" reversible="true">Unfocus</animation>
                            <control type="group" description="Selection">
                                <include>Scrollanim</include>
                                <control type="image">
                                    <animation effect="fade" start="0" end="100" time="100" reversible="false">Focus</animation>
                                    <animation effect="fade" start="100" end="0" time="50" reversible="false">Unfocus</animation>
                                    <left>19</left>
                                    <top>9</top>
                                    <width>253</width>
                                    <height>360</height>
                                    <texture colordiffuse="$VAR[diffuseselect]">images/white.png</texture>
                                    <aspectratio>stretch</aspectratio>
                                </control>

                                <control type="image">
                                    <left>35</left>
                                    <top>24</top>
                                    <width>222</width>
                                    <height>331</height>
                                     <texture>images/white.png</texture>
                            <colordiffuse>FF000000</colordiffuse>
                                    <aspectratio>scale</aspectratio>
                                </control>

                                <control type="textbox">
                                    <width>225</width>
                                    <height>200</height>
                                    <font>Size28</font>
                                    <info>ListItem.Label</info>
                                    <centerleft>147</centerleft>
                                    <align>center</align>
                                    <bottom>0</bottom>
                                </control>
                            </control>
                        </control>
                    </focusedlayout>
                <content target="video">special://skin/resources/guides.m3u</content>
                <!--<content target="video">videodb://movies/titles/</content>-->
            </control>
        </control>
        <control type="group">
            <visible>Control.IsVisible(60)</visible>
            <top>85</top>
            <control type="image">
                <left>1865</left>
                <height>910</height>
                <width>100</width>
                <texture border="50" colordiffuse="AAFFFFFF">sidepanel/Back.png</texture>
            </control>
            <control type="scrollbar" id="60">
                <right>14</right>
                <top>30</top>
                <height>850</height>
                <onleft>50</onleft>
                <onright>noop</onright>
            </control>
        </control>
        <include>clockandkodi</include>
        <control type="grouplist">
            <top>20</top>
            <centerleft>960</centerleft>
            <width>960</width>
            <height>60</height>
            <align>center</align>
            <orientation>horizontal</orientation>
            <control type="label" id="7777" description="Heading">
                <width>auto</width>
                <height>60</height>
                <font>size42</font>
                <scroll>false</scroll>
                <label>VIDEOGUIDES</label>
            </control>
            <control type="label" description="Number of files">
                <width>auto</width>
                <height>70</height>
                <font>size22</font>
                <textcolor>gray</textcolor>
                <label>$INFO[Container(50).NumItems, (,)]</label>
            </control>
        </control>
    </controls>
</window>