<?xml version="1.0" encoding="UTF-8"?>
<window type="dialog" id="142">
    <defaultcontrol always="false">9000</defaultcontrol>
    <include>OpenClose</include>
    <controls>
        <control type="button" id="9000">
            <include>HiddenButton</include>
            <onclick>close</onclick>
        </control>
        <control type="image" description="Background">
            <centerleft>810</centerleft>
            <top>640</top>
            <width>1520</width>
            <height>500</height>
            <texture border="50" colordiffuse="seekbar">Seekbar/OSDBackground.png</texture>
        </control>
        <control type="image" description="Background">
            <centerleft>1740</centerleft>
            <top>640</top>
            <width>320</width>
            <height>500</height>
            <texture border="50" colordiffuse="seekbar">Seekbar/OSDBackground.png</texture>
        </control>
        <control type="image">
            <bottom>328</bottom>
            <right>1620</right>
            <width>180</width>
            <height>250</height>
            <texture>$INFO[Player.Art(poster)]$INFO[Player.Art(tvshow.poster)]</texture>
            <bordertexture colordiffuse="main">images/white.png</bordertexture>
            <bordersize>4</bordersize>
            <aspectratio align="right">keep</aspectratio>
        </control>
        <control type="group">
            <animation effect="fade" time="200">VisibleChange</animation>
            <top>660</top>
            <control type="label" description="Main label">
                <visible>VideoPlayer.Content(MusicVideos)</visible>
                <include>FullscreenInfoLabel</include>
                <label>$INFO[VideoPlayer.Artist]</label>
            </control>
            <control type="grouplist">
                <include>FullscreenInfoLabel</include>
                <orientation>horizontal</orientation>
                <control type="label" description="Main label">
                    <font>size42B</font>
                    <textcolor>orange</textcolor>
                    <width max="1110">auto</width>
                    <visible>!VideoPlayer.Content(MusicVideos)</visible>
                    <label>$INFO[VideoPlayer.Title]</label>
                </control>
                <control type="label" description="year">
                    <font>size20</font>
                    <height>86</height>
                    <textcolor>dimgray</textcolor>
                    <width>auto</width>
                    <visible>!VideoPlayer.Content(MusicVideos)</visible>
                    <label>$INFO[VideoPlayer.Year,(,)]</label>
                </control>
            </control>
            <control type="label" description="Label 2">
                <visible>VideoPlayer.Content(MusicVideos)</visible>
                <font>size27</font>
                <top>45</top>
                <textcolor>dimgray</textcolor>
                <include>FullscreenInfoLabel</include>
                <label>$INFO[VideoPlayer.Album]</label>
            </control>
            <control type="label" description="chapters">
                <visible>Player.ChapterCount</visible>
                <font>size27</font>
                <top>44</top>
                <textcolor>dimgray</textcolor>
                <include>FullscreenInfoLabel</include>
                <label>$LOCALIZE[21396]$INFO[Player.Chapter, : ]$INFO[Player.ChapterCount, / ]</label>
            </control>
            <control type="label" description="Episode s-e">
                <visible>VideoPlayer.Content(Episodes)</visible>
                <font>size27</font>
                <top>44</top>
                <textcolor>dimgray</textcolor>
                <include>FullscreenInfoLabel</include>
                <label>$INFO[VideoPlayer.TVShowTitle] - $LOCALIZE[20373] $INFO[VideoPlayer.Season], $LOCALIZE[20359] $INFO[VideoPlayer.Episode]</label>
            </control>
            <control type="label" description="music video title">
                <visible>VideoPlayer.Content(Musicvideos)</visible>
                <font>size27</font>
                <top>44</top>
                <textcolor>dimgray</textcolor>
                <include>FullscreenInfoLabel</include>
                <label>$INFO[VideoPlayer.Title]</label>
            </control>
            <control type="textbox">
                <left>110</left>
                <top>100</top>
                <width>1400</width>
                <height>320</height>
                <font>Size26</font>
                <label>$INFO[VideoPlayer.Plot]</label>
                <align>justify</align>
                <autoscroll delay="6000" time="3000" repeat="10000">Window.IsVisible(142)</autoscroll>
                <font>size30</font>
            </control>
            <control type="textbox">
                <centerleft>1740</centerleft>
                <top>10</top>
                <width>320</width>
                <height>384</height>
                <font>Size20</font>
                <label>$LOCALIZE[206]:[CR]$INFO[VideoPlayer.Cast]</label>
                <align>center</align>
                <autoscroll>false</autoscroll>
                <font>size30</font>
            </control>
        </control>
        <control type="grouplist">
            <left>60</left>
            <width>1800</width>
            <top>40</top>
            <height>60</height>
            <itemgap>20</itemgap>
            <align>center</align>
            <orientation>horizontal</orientation>
            <control type="image">
                <visible>!String.IsEmpty(VideoPlayer.VideoCodec)</visible>
                <height>50</height>
                <width>130</width>
                <bordersize>3</bordersize>
                <aspectratio>keep</aspectratio>
                <texture>$INFO[VideoPlayer.VideoAspect,badges/video/,.png]</texture>
            </control>
            <control type="image">
                <height>50</height>
                <width>130</width>
                <bordersize>3</bordersize>
                <aspectratio>keep</aspectratio>
                <texture>$INFO[VideoPlayer.VideoResolution,badges/video/,.png]</texture>
            </control>
            <control type="image">
                <visible>!String.IsEmpty(VideoPlayer.VideoCodec)</visible>
                <height>50</height>
                <width>130</width>
                <bordersize>3</bordersize>
                <aspectratio>keep</aspectratio>
                <texture>$INFO[VideoPlayer.VideoCodec,badges/video/,.png]</texture>
            </control>
            <control type="image">
                <visible>!String.IsEmpty(VideoPlayer.AudioCodec)</visible>
                <height>50</height>
                <width>130</width>
                <bordersize>3</bordersize>
                <aspectratio>keep</aspectratio>
                <texture>$INFO[VideoPlayer.AudioCodec,badges/audio/,.png]</texture>
            </control>
            <control type="image">
                <visible>!String.IsEmpty(VideoPlayer.AudioChannels)</visible>
                <height>50</height>
                <width>130</width>
                <bordersize>3</bordersize>
                <aspectratio>keep</aspectratio>
                <texture>$INFO[VideoPlayer.AudioChannels,badges/,.png]</texture>
            </control>
        </control>
        <control type="group" description="timing">
            <animation effect="fade" start="0" end="70" time="400">Visible</animation>
            <animation effect="fade" start="70" end="0" time="100">Hidden</animation>
            <control type="image">
                <left>-50</left>
                <top>-60</top>
                <height>180</height>
                <width>520</width>
                <texture border="50" colordiffuse="2F000000">images/diffuserounded.png</texture>
            </control>
            <control type="image">
                <right>-50</right>
                <top>-60</top>
                <height>180</height>
                <width>520</width>
                <texture border="50" colordiffuse="2F000000">images/diffuserounded.png</texture>
            </control>
            <control type="label" description="Clock">
                <left>60</left>
                <top>10</top>
                <width>695</width>
                <height>60</height>
                <font>size33B</font>
                <shadowcolor>-</shadowcolor>
                <label>$LOCALIZE[142] $INFO[System.Time]</label>
            </control>
            <control type="label">
                <left>60</left>
                <top>60</top>
                <width>495</width>
                <height>30</height>
                <shadowcolor>-</shadowcolor>
                <label>[B]$INFO[Player.Time][/B]</label>
                <font>size26</font>
            </control>
            <control type="label" description="End time">
                <right>60</right>
                <top>10</top>
                <width>695</width>
                <height>60</height>
                <align>right</align>
                <font>size33B</font>
                <shadowcolor>-</shadowcolor>
                <label>$LOCALIZE[31005]: $INFO[Player.FinishTime]</label>
            </control>
            <control type="label">
                <right>60</right>
                <top>60</top>
                <height>30</height>
                <width>195</width>
                <align>right</align>
                <shadowcolor>-</shadowcolor>
                <label>[B]- $INFO[Player.TimeRemaining][/B]</label>
                <font>size26</font>
            </control>
        </control>
    </controls>
</window>
