<?xml version="1.0" encoding="UTF-8"?>
<window id="147">
    <defaultcontrol>61</defaultcontrol>
    <include>DialogOpenClose</include>
    <controls>
        <control type="image" description="BG">
            <animation effect="fade" start="0" end="100" delay="150" time="300">WindowOpen</animation>
            <animation effect="fade" start="100" end="0" time="50">WindowClose</animation>
            <left>0</left>
            <top>0</top>
            <width>1920</width>
            <height>1080</height>
            <texture>busy/BusyBG.png</texture>
        </control>
        <control type="image">
            <left>365</left>
            <top>-60</top>
            <width>1200</width>
            <height>1110</height>
            <texture border="150">images/Dialog.png</texture>
        </control>
        <control type="label" id="1" description="Header">
            <centerleft>960</centerleft>
            <top>105</top>
            <align>center</align>
            <width>750</width>
            <height>45</height>
        </control>
        <control type="textbox" id="5" description="Textarea">
            <centerleft>960</centerleft>
            <top>155</top>
            <width>720</width>
            <height>690</height>
            <font>size27</font>
            <align>justify</align>
        </control>
        <control type="scrollbar" id="61">
            <left>1400</left>
            <top>140</top>
            <height>690</height>
            <onleft>Close</onleft>
            <onright>Close</onright>
            <ondown>61</ondown>
            <onup>61</onup>
        </control>
    </controls>
</window>