<?xml version="1.0" encoding="UTF-8"?>
<window id="146">
    <defaultcontrol always="true">300</defaultcontrol>
    <include>OpenClose</include>
    <backgroundcolor>background</backgroundcolor>
    <controls>
        <include>BlackBackground</include>
        <include>WindowsTopInfos</include>
        <control type="group">
            <control type="group" description="Thumbs">
                <left>0</left>
                <top>6</top>
                <control type="image" description="Icon">
                    <left>1350</left>
                    <top>170</top>
                    <width>495</width>
                    <height>495</height>
                    <aspectratio align="right">keep</aspectratio>
                    <texture fallback="DefaultAddon.png">$INFO[ListItem.Thumb]</texture>
                    <bordertexture colordiffuse="main">images/white.png</bordertexture>
                    <bordersize>4</bordersize>
                </control>
            </control>
            <control type="group" description="top">
                <left>90</left>
                <top>170</top>
                <control type="label" description="Item Label">
                    <top>0</top>
                    <width>1125</width>
                    <height>60</height>
                    <textcolor>main</textcolor>
                    <font>size42b</font>
                    <align>left</align>
                    <autoscroll time="6000" delay="8000" repeat="8000">true</autoscroll>
                    <info>[COLOR=orange]$INFO[ListItem.AddonName][/COLOR]</info>
                </control>
                <control type="label" description="summary">
                    <top>75</top>
                    <width>1125</width>
                    <height>45</height>
                    <font>size42b</font>
                    <textcolor>orange</textcolor>
                    <align>left</align>
                    <label>$INFO[ListItem.AddonSummary]</label>
                </control>
                <control type="label" description="Author">
                    <top>150</top>
                    <width>1125</width>
                    <height>45</height>
                    <font>size33</font>
                    <align>left</align>
                    <textcolor>gray</textcolor>
                    <label>$LOCALIZE[21863]: [COLOR=yellow]$INFO[ListItem.AddonCreator][/COLOR]</label>
                </control>
                <control type="label" description="Version">
                    <top>195</top>
                    <width>1125</width>
                    <height>45</height>
                    <font>size33</font>
                    <align>left</align>
                    <textcolor>gray</textcolor>
                    <label>$LOCALIZE[24051] [COLOR=red] [B]$INFO[ListItem.AddonVersion][/B] [/COLOR]</label>
                </control>
                <control type="label" description="Disclaimer">
                    <top>270</top>
                    <width>1125</width>
                    <height>45</height>
                    <font>size21</font>
                    <align>left</align>
                    <textcolor>red</textcolor>
                    <label>$INFO[ListItem.AddonDisclaimer]</label>
                </control>
                <control type="textbox" description="Plot">
                    <left>0</left>
                    <top>330</top>
                    <width>1200</width>
                    <height>336</height>
                    <align>justify</align>
                    <autoscroll delay="6500" time="4000" repeat="10000"></autoscroll>
                    <label>$INFO[ListItem.AddonDescription]</label>
                </control>
            </control>
        </control>
        <control type="image">
            <top>1008</top>
            <height>72</height>
            <width>1920</width>
            <aspectratio>stretch</aspectratio>
            <texture colordiffuse="inverted">images/transparent.png</texture>
        </control>
        <control type="image" description="Line bott">
            <top>1007</top>
            <width>1920</width>
            <height>1</height>
            <aspectratio>stretch</aspectratio>
            <texture>lines/Line.png</texture>
        </control>
        <control type="group" description="Options">
            <control type="grouplist" id="300">
                <top>1008</top>
                <width>auto</width>
                <align>center</align>
                <height>72</height>
                <itemgap>9</itemgap>
                <onleft>noop</onleft>
                <onright>noop</onright>
                <onup>noop</onup>
                <ondown>9001</ondown>
                <orientation>horizontal</orientation>
                <control type="button" id="6" description="Install/Uninstall">
                    <font>Size30</font>
                    <label>24038</label>
                    <width>250</width>
                </control>
                <control type="button" id="7" description="Disable">
                    <font>Size30</font>
                    <label>24021</label>
                    <width>250</width>
                </control>
                <control type="button" id="8" description="update">
                    <font>Size30</font>
                    <label>24069</label>
                    <width>250</width>
                </control>
                <control type="button" id="9" description="settings">
                    <font>Size30</font>
                    <label>5</label>
                    <width>250</width>
                </control>
                <control type="radiobutton" id="13" description="update">
                    <texturefocus colordiffuse="$VAR[diffuseselect]">images/buttonselect2.png</texturefocus>
                    <font>Size30</font>
                    <label>test</label>
                    <width>300</width>
                </control>
                <control type="button" id="12" description="run">
                    <font>Size30</font>
                    <label>335</label>
                    <width>250</width>
                </control>
            </control>
        </control>
    </controls>
</window>
