<?xml version="1.0" encoding="UTF-8"?>
<window type="dialog" id="115">
    <onload>Dialog.Close(142)</onload>
    <defaultcontrol always="true">901</defaultcontrol>
    <include>OpenClose</include>
    <visible>![Window.IsVisible(SliderDialog) | Window.IsVisible(OSDVideoSettings) | Window.IsVisible(OSDAudioSettings) | Window.IsVisible(VideoBookmarks) | Window.IsActive(script-XBMC-Subtitles-main.xml)]</visible>
    <visible>Window.IsActive(videoosd.xml) | Player.Seeking | Player.DisplayAfterSeek | Player.Forwarding | Player.Rewinding | Player.Caching</visible>
    <animation effect="fade" start="0" end="100" time="400">Visible</animation>
    <animation effect="fade" start="100" end="0" time="100">Hidden</animation>
    <controls>
        <control type="group">
            <control type="group" description="Top Timing">
                <animation effect="fade" start="0" end="70" time="400">Visible</animation>
                <animation effect="fade" start="70" end="0" time="100">Hidden</animation>
                <control type="image">
                    <left>-50</left>
                    <top>-60</top>
                    <height>180</height>
                    <width>520</width>
                    <texture border="50" colordiffuse="2F000000">images/diffuserounded.png</texture>
                </control>
                <control type="image">
                    <right>-50</right>
                    <top>-60</top>
                    <height>180</height>
                    <width>520</width>
                    <texture border="50" colordiffuse="2F000000">images/diffuserounded.png</texture>
                </control>
                <control type="label" description="Clock">
                    <left>60</left>
                    <top>10</top>
                    <width>695</width>
                    <height>60</height>
                    <font>size33B</font>
                    <textcolor>white</textcolor>
                    <shadowcolor>-</shadowcolor>
                    <label>$LOCALIZE[142] $INFO[System.Time]</label>
                </control>
                <control type="label">
                    <left>60</left>
                    <top>60</top>
                    <width>495</width>
                    <height>30</height>
                    <textcolor>white</textcolor>
                    <shadowcolor>-</shadowcolor>
                    <label>[B]$INFO[Player.Time][/B]</label>
                    <font>size26</font>
                </control>
                <control type="label" description="End time">
                    <right>60</right>
                    <top>10</top>
                    <width>695</width>
                    <height>60</height>
                    <align>right</align>
                    <font>size33B</font>
                    <textcolor>white</textcolor>
                    <shadowcolor>-</shadowcolor>
                    <label>$LOCALIZE[31005]: $INFO[Player.FinishTime]</label>
                </control>
                <control type="label">
                    <right>60</right>
                    <top>60</top>
                    <height>30</height>
                    <width>195</width>
                    <align>right</align>
                    <textcolor>white</textcolor>
                    <shadowcolor>-</shadowcolor>
                    <label>[B]- $INFO[Player.TimeRemaining][/B]</label>
                    <font>size26</font>
                </control>
                <control type="label" description="Next item">
                    <visible>!String.IsEmpty(VideoPlayer.NextTitle)</visible>
                    <left>300</left>
                    <top>1</top>
                    <width>1320</width>
                    <height>60</height>
                    <align>center</align>
                    <aligny>center</aligny>
                    <font>size26</font>
                    <shadowcolor>-</shadowcolor>
                    <label>$INFO[VideoPlayer.NextTitle,[COLOR=gray]$LOCALIZE[209]:  [/COLOR]]</label>
                </control>
            </control>
            <control type="label" description="Additive seek step">
                <height>75</height>
                <width>1920</width>
                <align>center</align>
                <font>size36B</font>
                <textcolor>white</textcolor>
                <shadowcolor>-</shadowcolor>
                <animation effect="fade" time="200">VisibleChange</animation>
                <label>$VAR[SeekLabel]</label>
            </control>
            <control type="image">
                <visible>Window.IsActive(videoosd.xml) | VideoPlayer.Content(LiveTV)</visible>
                <left>35</left>
                <top>873</top>
                <width>1850</width>
                <height>150</height>
                <aspectratio>stretch</aspectratio>
                <texture border="70">Seekbar/OSDBackground.png</texture>
                <colordiffuse>seekbar</colordiffuse>
            </control>
            <control type="group">
                <top>932</top>
                <control type="image" description="Background">
                    <width>1920</width>
                    <height>68</height>
                    <texture>Seekbar/Barback.png</texture>
                </control>
                <control type="progress" description="Cache Progress">
                    <!--Player.Caching-->
                    <left>257</left>
                    <top>1</top>
                    <width>1416</width>
                    <height>68</height>
                    <reveal>true</reveal>
                    <texturebg>Seekbar/BG.png</texturebg>
                    <midtexture border="2">Seekbar/M.png</midtexture>
                    <colordiffuse>FF333366</colordiffuse>
                    <info>Player.ProgressCache</info>
                </control>
                <control type="progress" id="23" description="Progress Bar">
                    <left>257</left>
                    <top>1</top>
                    <width>1416</width>
                    <height>68</height>
                    <reveal>true</reveal>
                    <texturebg>Seekbar/BG.png</texturebg>
                    <midtexture border="2">Seekbar/M.png</midtexture>
                    <info>Player.Progress</info>
                </control>
            </control>
            <control type="group" description="Icons on Seekbar">
                <top>934</top>
                <left>156</left>
                <control type="image" description="Buffer icon">
                    <visible>Player.Caching</visible>
                    <left>0</left>
                    <include>OSDbarIcons</include>
                    <texture border="2">busy/Busy.png</texture>
                    <animation effect="rotate" start="360" end="0" center="auto" time="1200" loop="true" pulse="true" condition="true">conditional</animation>
                </control>
                <control type="image" description="Pause">
                    <visible>Player.Paused + !Player.Caching</visible>
                    <left>10</left>
                    <include>OSDbarIcons</include>
                    <texture border="2">Seekbar/OSDPauseNf.png</texture>
                </control>
                <control type="image" description="Play">
                    <visible>player.playing</visible>
                    <left>10</left>
                    <include>OSDbarIcons</include>
                    <texture border="2">Seekbar/OSDPlayNF.png</texture>
                </control>
                <control type="image" description="FF">
                    <left>-10</left>
                    <visible>player.forwarding2x | player.forwarding4x | player.forwarding8x | player.forwarding16x | player.forwarding32x</visible>
                    <include>OSDbarIcons</include>
                    <texture border="2">Seekbar/OSDPlayNF.png</texture>
                </control>
                <control type="image" description="FFFF">
                    <visible>player.forwarding4x | player.forwarding8x | player.forwarding16x | player.forwarding32x</visible>
                    <left>0</left>
                    <include>OSDbarIcons</include>
                    <texture border="2">Seekbar/OSDPlayNF.png</texture>
                </control>
                <control type="image" description="2FFFF">
                    <visible>player.forwarding8x | player.forwarding16x | player.forwarding32x</visible>
                    <left>10</left>
                    <include>OSDbarIcons</include>
                    <texture border="2">Seekbar/OSDPlayNF.png</texture>
                </control>
                <control type="image" description="4FFFF">
                    <visible>player.forwarding16x | player.forwarding32x</visible>
                    <left>20</left>
                    <include>OSDbarIcons</include>
                    <texture border="2">Seekbar/OSDPlayNF.png</texture>
                </control>
                <control type="image" description="8FFFF">
                    <visible>player.forwarding32x</visible>
                    <left>30</left>
                    <include>OSDbarIcons</include>
                    <texture border="2">Seekbar/OSDPlayNF.png</texture>
                </control>
                <control type="image" description="RF">
                    <left>-10</left>
                    <visible>player.rewinding2x | player.rewinding4x | player.rewinding8x | player.rewinding16x | player.rewinding32x</visible>
                    <include>OSDbarIcons</include>
                    <texture border="2" flipx="true">Seekbar/OSDPlayNF.png</texture>
                </control>
                <control type="image" description="RFFF">
                    <visible>player.rewinding4x | player.rewinding8x | player.rewinding16x | player.rewinding32x</visible>
                    <left>0</left>
                    <include>OSDbarIcons</include>
                    <texture border="2" flipx="true">Seekbar/OSDPlayNF.png</texture>
                </control>
                <control type="image" description="2RFFF">
                    <visible>player.rewinding8x | player.rewinding16x | player.rewinding32x</visible>
                    <left>10</left>
                    <include>OSDbarIcons</include>
                    <texture border="2" flipx="true">Seekbar/OSDPlayNF.png</texture>
                </control>
                <control type="image" description="4RFFF">
                    <visible>player.rewinding16x | player.rewinding32x</visible>
                    <left>20</left>
                    <include>OSDbarIcons</include>
                    <texture border="2" flipx="true">Seekbar/OSDPlayNF.png</texture>
                </control>
                <control type="image" description="8RFFF">
                    <visible>player.rewinding32x</visible>
                    <left>30</left>
                    <include>OSDbarIcons</include>
                    <texture border="2" flipx="true">Seekbar/OSDPlayNF.png</texture>
                </control>
            </control>
            <control type="image">
                <visible>!PLayer.Paused</visible>
                <left>1500</left>
                <top>750</top>
                <width>100</width>
                <height>100</height>
                <texture>$INFO[VideoPlayer.mpaa,Mpaa/,.png]</texture>
                <colordiffuse>77FFFFFF</colordiffuse>
            </control>
            <control type="label">
                <visible>VideoPlayer.Content(LiveTV)</visible>
                <left>150</left>
                <top>880</top>
                <width>695</width>
                <height>60</height>
                <font>size33B</font>
                <textcolor>white</textcolor>
                <shadowcolor>-</shadowcolor>
                <label>$INFO[VideoPlayer.ChannelNumber]$INFO[VideoPlayer.ChannelName, • ]</label>
            </control>
        </control>
        <!-- 3D -->
    </controls>
</window>
