<?xml version="1.0" encoding="UTF-8"?>
<window>
    <defaultcontrol always="true">20</defaultcontrol>

    <backgroundcolor>0xffffffff</backgroundcolor>
    <include>OpenClose</include>
    <onunload condition="!Skin.HasSetting(FirstRun)">Skin.SetBool(FirstRun)</onunload>
    <controls>
        <include>BlackBackground</include>
        <control type="label" description="Heading">
            <include>Heading</include>
            <label>7</label>
        </control>
        <control type="image" description="Line Splitter">
            <left>960</left>
            <top>100</top>
            <height>980</height>
            <width>1</width>
            <texture>lines/LineV.png</texture>
        </control>
        <control type="group" description="Left panel">
            <left>0</left>
            <top>40</top>
            <animation condition="!Control.HasFocus(20)" effect="fade" start="100" end="50" time="20" reversible="true">Conditional</animation>
            <control type="label" id="101" description="Header Label">
                <left>45</left>
                <width>900</width>
                <align>left</align>
                <label>-</label>
                <font>size30B</font>
                <haspath>true</haspath>
                <textcolor>orange</textcolor>
            </control>
            <control type="list" id="20" description="Left File List">
                <top>126</top>
                <width>960</width>
                <height>850</height>
                <onleft>60</onleft>
                <onright>21</onright>
                <onup>20</onup>
                <ondown>20</ondown>
                <pagecontrol>60</pagecontrol>
                <itemlayout height="60" width="960">
                    <control type="label">
                        <left>100</left>
                        <width>700</width>
                        <height>60</height>
                        <font>size30</font>
                        <aligny>center</aligny>
                        <textcolor>main</textcolor>
                        <info>ListItem.Label</info>
                    </control>
                    <control type="label">
                        <right>20</right>
                        <height>60</height>
                        <width>140</width>
                        <font>size30</font>
                        <align>right</align>
                        <aligny>center</aligny>
                        <textcolor>gray</textcolor>
                        <info>ListItem.Label2</info>
                    </control>
                </itemlayout>
                <focusedlayout height="60" width="960">
                    <control type="image">
                        <visible>Control.HasFocus(20)</visible>
                        <left>-20</left>
                        <width>980</width>
                        <height>60</height>
                        <texture colordiffuse="$VAR[diffuseselect]">images/buttonselect1.png</texture>
                    </control>
                   <control type="label">
                        <left>100</left>
                        <width>700</width>
                        <height>60</height>
                        <font>size30</font>
                        <aligny>center</aligny>
                        <textcolor>main</textcolor>
                        <info>ListItem.Label</info>
                    </control>
                    <control type="label">
                        <right>20</right>
                        <height>60</height>
                        <width>140</width>
                        <font>size30</font>
                        <align>right</align>
                        <aligny>center</aligny>
                        <textcolor>gray</textcolor>
                        <info>ListItem.Label2</info>
                    </control>
                </focusedlayout>
            </control>
            <control type="label" id="12" description="itemcount">
                <left>45</left>
                <top>40</top>
                <width>480</width>
                <align>left</align>
                <font>size30</font>
                <textcolor>gray</textcolor>
                <label>-</label>
            </control>
        </control>
        <control type="group" description="Right panel">
            <right>0</right>
            <top>40</top>
            <animation condition="!Control.HasFocus(21)" effect="fade" start="100" end="60" time="20" reversible="true">Conditional</animation>
            <control type="label" id="102" description="Right Header Label">
                <right>45</right>
                <width>900</width>
                <align>right</align>
                <label>-</label>
                <font>size30B</font>
                <haspath>true</haspath>
                <textcolor>orange</textcolor>
            </control>
            <control type="list" id="21" description="Right File List">
                <right>-20</right>
                <top>126</top>
                <width>960</width>
                <height>850</height>
                <onleft>20</onleft>
                <onright>61</onright>
                <onup>21</onup>
                <ondown>21</ondown>
                <pagecontrol>61</pagecontrol>
                <itemlayout height="60" width="840">
                    <control type="label">
                        <right>0</right>
                        <width>700</width>
                        <height>60</height>
                        <font>size30</font>
                        <align>right</align>
                        <aligny>center</aligny>
                        <textcolor>main</textcolor>
                        <info>ListItem.Label</info>
                    </control>
                    <control type="label">
                        <height>60</height>
                        <width>150</width>
                        <font>size30</font>
                        <aligny>center</aligny>
                        <textcolor>gray</textcolor>
                        <info>ListItem.Label2</info>
                    </control>
                </itemlayout>
                <focusedlayout height="60" width="840">
                    <control type="image">
                        <visible>Control.HasFocus(21)</visible>
                        <left>10</left>
                        <width>980</width>
                        <height>60</height>
                        <texture flipx="true" colordiffuse="$VAR[diffuseselect]">images/buttonselect1.png</texture>
                    </control>
                   <control type="label">
                        <right>0</right>
                        <width>700</width>
                        <height>60</height>
                        <font>size30</font>
                        <align>right</align>
                        <aligny>center</aligny>
                        <textcolor>main</textcolor>
                        <info>ListItem.Label</info>
                    </control>
                    <control type="label">
                        <height>60</height>
                        <width>150</width>
                        <font>size30</font>
                        <aligny>center</aligny>
                        <textcolor>gray</textcolor>
                        <info>ListItem.Label2</info>
                    </control>
                </focusedlayout>
            </control>
            <control type="label" id="13" description="itemcount">
                <right>50</right>
                <top>40</top>
                <width>480</width>
                <align>right</align>
                <font>size30</font>
                <textcolor>gray</textcolor>
                <label>-</label>
            </control>
        </control>
        <control type="scrollbar" id="60">
            <left>60</left>
            <top>175</top>
            <height>810</height>
            <onleft>20</onleft>
            <onright>20</onright>
        </control>
        <control type="scrollbar" id="61">
            <right>60</right>
            <top>175</top>
            <height>810</height>
            <onleft>21</onleft>
            <onright>21</onright>
        </control>
    </controls>
</window>
