<?xml version="1.0" encoding="UTF-8"?>
<includes>
    <include name="homepanel">
        <!--VADDONS IF BOTH MOVIE AND TVSHOWS HIDDEN-->
        <item id="1055">
            <visible>Skin.HasSetting(hidemovie) + Skin.HasSetting(hidetv)  + !Skin.HasSetting(hidevaddons)</visible>
            <thumb>icons/vaddons.png</thumb>
            <label>$LOCALIZE[157] $LOCALIZE[24001]</label>
            <property name="color">darkblue</property>
            <onclick>noop</onclick>
        </item>
        <!--SOURCES IF NO LIBRARY-->
        <item id="339">
            <visible>!Skin.HasSetting(hideSources) + ![Library.HasContent(Movies) | Library.HasContent(TVShows)]</visible>
            <thumb>icons/sources.png</thumb>
            <label>20094</label>
            <property name="color">darkblue</property>
            <onclick>activatewindow(1115)</onclick>
        </item>
        <!--MOVIES-->
            <item id="340">
            <visible>!Skin.HasSetting(hidemovie) + Library.HasContent(Movies)</visible>
            <thumb>icons/movies.png</thumb>
            <label>342</label>
            <property name="color">lightblue</property>
            <property name="unwatched">$INFO[Window(Home).Property(Movies.UnWatched)]</property>
            <onclick condition="Skin.HasSetting(no3d)">ActivateWindow(Videos,"special://skin/resources/no3d.xsp",return)</onclick>
            <onclick condition="!Skin.HasSetting(no3d)">ActivateWindow(Videos,MovieTitles,return)</onclick>
            <!--<onclick>RunScript(plugin.netatmo.thermostat)</onclick>-->
        </item>
        <!--TV SHOWS-->
        <item id="341">
            <visible>!Skin.HasSetting(hidetv)</visible>
            <thumb>icons/tvshows.png</thumb>
            <label>20343</label>
            <property name="color">purple</property>
            <property name="unwatched">$INFO[Window(Home).Property(Episodes.UnWatched)]</property>
            <onclick>ActivateWindow(VideoLibrary,TVShowTitles,return)</onclick>
        </item>
        <!--MUSIC-->
        <item id="342">
            <visible>!Skin.HasSetting(hidemusic)</visible>
            <thumb>icons/music.png</thumb>
            <label>$VAR[musiclabel]</label>
            <property name="color">orange</property>
            <onclick condition="StringCompare(Skin.String(MusicLink),Playlist)">PlayerControl(Partymode(music))</onclick>
            <onclick condition="!StringCompare(Skin.String(MusicLink),Playlist)">ActivateWindow(502,$INFO[Skin.String(MusicLink)],return)</onclick>
            <onclick condition="!Library.HasContent(Music)">ActivateWindow(501,root)</onclick>
        </item>
        <!--SHELF POPULATING CUSTOM FAVOURITES-->
        <item id="607" description="Custom Fvourite">
            <visible>!String.IsEmpty(Skin.String(HomeFav.7.Label))</visible>
            <thumb>$INFO[Skin.String(HomeFav.7.Icon)]</thumb>
            <label>$INFO[Skin.String(HomeFav.7.Label)]</label>
            <property name="color">red</property>
            <onclick>$INFO[Skin.String(HomeFav.7.Path)]</onclick>
        </item>
        <item id="608" description="Custom Fvourite">
            <visible>!String.IsEmpty(Skin.String(HomeFav.8.Label))</visible>
            <thumb>$INFO[Skin.String(HomeFav.8.Icon)]</thumb>
            <label>$INFO[Skin.String(HomeFav.8.Label)]</label>
            <property name="color">lightblue</property>>
            <onclick>$INFO[Skin.String(HomeFav.8.Path)]</onclick>
        </item>
        <!--ADDONS-->
        <item id="343">
            <visible>!Skin.HasSetting(hideaddon)</visible>
            <thumb>icons/addons.png</thumb>
            <label>24001</label>
            <property name="color">green3</property>
            <onclick>ActivateWindow(1118)</onclick>
        </item>
        <!--FAVOURITES-->
        <item id="352">
            <visible>!Skin.HasSetting(hidefav)</visible>
            <thumb>icons/favs.png</thumb>
            <label>$LOCALIZE[1036]</label>
            <property name="color">red</property>
            <onclick>ActivateWindow(134)</onclick>
        </item>
        <!--LIVE TV-->
        <item id="355">
            <thumb>icons/LiveTV.png</thumb>
            <label>31059</label>
            <property name="color">green3</property>
            <onclick>ActivateWindow(1718)</onclick>
            <visible>!Pvr.IsRecording + System.GetBool(pvrmanager.enabled) + !Skin.HasSetting(PVRhide)</visible>
        </item>
        <!--LIVE TV RECORDING-->
        <item id="355">
            <thumb>icons/LiveTVrec.png</thumb>
            <label>$INFO[Pvr.NowRecordingTitle]</label>
            <property name="color">green3</property>
            <onclick>ActivateWindow(1718)</onclick>
            <visible>Pvr.IsRecording + System.GetBool(pvrmanager.enabled) + !Skin.HasSetting(PVRhide)</visible>
        </item>
        <!--PICTURES-->
        <item id="344">
            <visible>!Skin.HasSetting(hidepic)</visible>
            <thumb>icons/photos.png</thumb>
            <label>1</label>
            <property name="color">darkblue</property>
            <onclick>ActivateWindow(2)</onclick>
        </item>
        <!--WEATHER-->
        <!--todo setting to swithc between page or shelf maps-->
        <item id="345">
            <visible>!Skin.HasSetting(hidewtr)</visible>
            <property name="weatherthumb">$INFO[Window(weather).Property(Current.FanartCode),weathershelf/,.png]</property>
            <label>$INFO[Weather.Temperature]</label>
            <property name="color">orange</property>
            <onclick condition="String.IsEmpty(Weather.plugin)">activatewindow(WeatherSettings)</onclick>
            <onclick condition="!String.IsEmpty(Weather.plugin)">ActivateWindow(MyWeather)</onclick>
            <!--<onclick condition="!String.IsEmpty(Weather.plugin)">SetFocus(9095)</onclick>-->
        </item>
        <!--NEXT AIRED ADDON-->
        <item id="358">
            <visible>Skin.HasSetting(nextair) + Library.HasContent(TVShows)</visible>
            <thumb>icons/nextaired.png</thumb>
            <label>$ADDON[script.tv.show.next.aired 32019]</label>
            <property name="color">red</property>
            <property name="unwatched">$INFO[Window(Home).Property(NextAired.TodayTotal)]</property>
            <onclick>RunAddon(script.tv.show.next.aired)</onclick>
        </item>
        <!--GLOBAL SEARCH ADDON-->
        <item id="356">
            <visible>!Skin.HasSetting(sear)</visible>
            <thumb>icons/search.png</thumb>
            <label>137</label>
            <property name="color">lightblue</property>
            <onclick condition="System.HasAddon(script.globalsearch)">RunAddon(script.globalsearch)</onclick>
            <onclick condition="!System.HasAddon(script.globalsearch)">InstallAddon(script.globalsearch)</onclick>
        </item>
         <!--3D MOVIES-->
        <item id="357">
            <visible>Skin.HasSetting(3dmovs)</visible>
            <thumb>icons/3d.png</thumb>
            <label>3D $LOCALIZE[342]</label>
            <property name="color">bluegray</property>
            <onclick>ActivateWindow(Videos,"special://skin/resources/all3d.xsp", return)</onclick>
        </item>
        <!--EXTENDEDINFO-->
        <item id="359">
            <visible>Skin.HasSetting(showtheater) + System.HasAddon(script.extendedinfo)</visible>
            <thumb>icons/extendedinfotheater.png</thumb>
            <label>31422</label>
            <property name="color">orange</property>
            <onclick>SetFocus(700)</onclick>
        </item>
         <!--EXTENDEDINFO2-->
        <item id="360">
            <visible>Skin.HasSetting(showdvdrel) + System.HasAddon(script.extendedinfo)</visible>
            <thumb>icons/extendedinfodvd.png</thumb>
            <label>31423</label>
            <property name="color">green3</property>
            <onclick>SetFocus(700)</onclick>
        </item>
        <!--CUSTOM-->
        <item id="601" description="Custom Fvourite">
            <visible>!String.IsEmpty(Skin.String(HomeFav.1.Label))</visible>
            <thumb>$INFO[Skin.String(HomeFav.1.Icon)]</thumb>
            <label>$INFO[Skin.String(HomeFav.1.Label)]</label>
            <property name="color">red</property>
            <onclick>$INFO[Skin.String(HomeFav.1.Path)]</onclick>
        </item>
        <item id="602" description="Custom Fvourite">
            <visible>!String.IsEmpty(Skin.String(HomeFav.2.Label))</visible>
            <thumb>$INFO[Skin.String(HomeFav.2.Icon)]</thumb>
            <label>$INFO[Skin.String(HomeFav.2.Label)]</label>
            <property name="color">lightblue</property>
            <onclick>$INFO[Skin.String(HomeFav.2.Path)]</onclick>
        </item>
        <item id="603" description="Custom Fvourite">
            <visible>!String.IsEmpty(Skin.String(HomeFav.3.Label))</visible>
            <thumb>$INFO[Skin.String(HomeFav.3.Icon)]</thumb>
            <label>$INFO[Skin.String(HomeFav.3.Label)]</label>
            <property name="color">green</property>
            <onclick>$INFO[Skin.String(HomeFav.3.Path)]</onclick>
        </item>
        <item id="604" description="Custom Fvourite">
            <visible>!String.IsEmpty(Skin.String(HomeFav.4.Label))</visible>
            <thumb>$INFO[Skin.String(HomeFav.4.Icon)]</thumb>
            <label>$INFO[Skin.String(HomeFav.4.Label)]</label>
            <property name="color">orange</property>
            <onclick>$INFO[Skin.String(HomeFav.4.Path)]</onclick>
        </item>
        <item id="605" description="Custom Fvourite">
            <visible>!String.IsEmpty(Skin.String(HomeFav.5.Label))</visible>
            <thumb>$INFO[Skin.String(HomeFav.5.Icon)]</thumb>
            <label>$INFO[Skin.String(HomeFav.5.Label)]</label>
            <property name="color">purple</property>
            <onclick>$INFO[Skin.String(HomeFav.5.Path)]</onclick>
        </item>
        <item id="606" description="Custom Fvourite">
            <visible>!String.IsEmpty(Skin.String(HomeFav.6.Label))</visible>
            <thumb>$INFO[Skin.String(HomeFav.6.Icon)]</thumb>
            <label>$INFO[Skin.String(HomeFav.6.Label)]</label>
            <property name="color">darkblue</property>
            <onclick>$INFO[Skin.String(HomeFav.6.Path)]</onclick>
        </item>
        <item id="401" description="Custom addon">
            <visible>!String.IsEmpty(Skin.String(HomeAddon.1.Label))</visible>
            <thumb>$INFO[Skin.String(HomeAddon.1.Icon)]</thumb>
            <label2>$INFO[system.addonicon(Skin.String(HomeAddon.1.label))]</label2>
            <label>$INFO[system.addonTitle(Skin.String(HomeAddon.1.Label))]</label>
            <property name="color">orange</property>
            <onclick>RunAddon($INFO[Skin.String(HomeAddon.1.Label)])</onclick>
        </item>
        <item id="402" description="Custom addon">
            <visible>!String.IsEmpty(Skin.String(HomeAddon.2.Label))</visible>
            <thumb>$INFO[Skin.String(HomeAddon.2.Icon)]</thumb>
            <label2>$INFO[system.addonicon(Skin.String(HomeAddon.2.label))]</label2>
            <label>$INFO[system.addonTitle(Skin.String(HomeAddon.2.Label))]</label>
            <property name="color">red</property>
            <onclick>RunAddon($INFO[Skin.String(HomeAddon.2.Label)])</onclick>
        </item>
        <item id="403" description="Custom addon">
            <visible>!String.IsEmpty(Skin.String(HomeAddon.3.Label))</visible>
            <thumb>$INFO[Skin.String(HomeAddon.3.Icon)]</thumb>
            <label2>$INFO[system.addonicon(Skin.String(HomeAddon.3.label))]</label2>
            <label>$INFO[system.addonTitle(Skin.String(HomeAddon.3.Label))]</label>
            <property name="color">green</property>
            <onclick>RunAddon($INFO[Skin.String(HomeAddon.3.Label)])</onclick>
        </item>
        <item id="404" description="Custom addon">
            <visible>!String.IsEmpty(Skin.String(HomeAddon.4.Label))</visible>
            <thumb>$INFO[Skin.String(HomeAddon.4.Icon)]</thumb>
            <label2>$INFO[system.addonicon(Skin.String(HomeAddon.4.label))]</label2>
            <label>$INFO[system.addonTitle(Skin.String(HomeAddon.4.Label))]</label>
            <property name="color">darkblue</property>
            <onclick>RunAddon($INFO[Skin.String(HomeAddon.4.Label)])</onclick>
        </item>
        <item id="405" description="Custom addon">
            <visible>!String.IsEmpty(Skin.String(HomeAddon.5.Label))</visible>
            <thumb>$INFO[Skin.String(HomeAddon.5.Icon)]</thumb>
            <label2>$INFO[system.addonicon(Skin.String(HomeAddon.5.label))]</label2>
            <label>$INFO[system.addonTitle(Skin.String(HomeAddon.5.Label))]</label>
            <property name="color">orange</property>
            <onclick>RunAddon($INFO[Skin.String(HomeAddon.5.Label)])</onclick>
        </item>
        <item id="406" description="Custom addon">
            <visible>!String.IsEmpty(Skin.String(HomeAddon.6.Label))</visible>
            <thumb>$INFO[Skin.String(HomeAddon.6.Icon)]</thumb>
            <label2>$INFO[system.addonicon(Skin.String(HomeAddon.6.label))]</label2>
            <label>$INFO[system.addonTitle(Skin.String(HomeAddon.6.Label))]</label>
            <property name="color">purple</property>
            <onclick>RunAddon($INFO[Skin.String(HomeAddon.6.Label)])</onclick>
        </item>
        <item id="501" description="Custom script">
            <visible>!String.IsEmpty(Skin.String(HomeAddon.7.Label)) + String.IsEmpty(Skin.String(HomeAddon.7.Icon))</visible>
            <thumb>$INFO[system.addonicon(Skin.String(HomeAddon.7.label))]</thumb>
            <label>$INFO[system.addonTitle(Skin.String(HomeAddon.7.Label))]</label>
            <property name="color">orange</property>
            <onclick>RunAddon($INFO[Skin.String(HomeAddon.7.Label)])</onclick>
        </item>
        <item id="501" description="Custom script">
            <visible>!String.IsEmpty(Skin.String(HomeAddon.7.Label)) + !String.IsEmpty(Skin.String(HomeAddon.7.Icon))</visible>
            <thumb>$INFO[Skin.String(HomeAddon.7.Icon)]</thumb>
            <label>$INFO[system.addonTitle(Skin.String(HomeAddon.7.Label))]</label>
            <property name="color">orange</property>
            <onclick>RunAddon($INFO[Skin.String(HomeAddon.7.Label)])</onclick>
        </item>
        <item id="502" description="Custom script">
            <visible>!String.IsEmpty(Skin.String(HomeAddon.8.Label)) + String.IsEmpty(Skin.String(HomeAddon.8.Icon))</visible>
            <thumb>$INFO[system.addonicon(Skin.String(HomeAddon.8.label))]</thumb>
            <label>$INFO[system.addonTitle(Skin.String(HomeAddon.8.Label))]</label>
            <property name="color">purple</property>
            <onclick>RunAddon($INFO[Skin.String(HomeAddon.8.Label)])</onclick>
        </item>
        <item id="502" description="Custom script">
            <visible>!String.IsEmpty(Skin.String(HomeAddon.8.Label)) + !String.IsEmpty(Skin.String(HomeAddon.8.Icon))</visible>
            <thumb>$INFO[Skin.String(HomeAddon.8.Icon)]</thumb>
            <label>$INFO[system.addonTitle(Skin.String(HomeAddon.8.Label))]</label>
            <property name="color">purple</property>
            <onclick>RunAddon($INFO[Skin.String(HomeAddon.8.Label)])</onclick>
        </item>
        <item id="503" description="Custom script">
            <visible>!String.IsEmpty(Skin.String(HomeAddon.9.Label)) + String.IsEmpty(Skin.String(HomeAddon.9.Icon))</visible>
            <thumb>$INFO[system.addonicon(Skin.String(HomeAddon.9.label))]</thumb>
            <label>$INFO[system.addonTitle(Skin.String(HomeAddon.9.Label))]</label>
            <property name="color">green</property>
            <onclick>RunAddon($INFO[Skin.String(HomeAddon.9.Label)])</onclick>
        </item>
        <item id="503" description="Custom script">
            <visible>!String.IsEmpty(Skin.String(HomeAddon.9.Label)) + !String.IsEmpty(Skin.String(HomeAddon.9.Icon))</visible>
            <thumb>$INFO[Skin.String(HomeAddon.9.Icon)]</thumb>
            <label>$INFO[system.addonTitle(Skin.String(HomeAddon.9.Label))]</label>
            <property name="color">green</property>
            <onclick>RunAddon($INFO[Skin.String(HomeAddon.9.Label)])</onclick>
        </item>
        <item id="504" description="Custom script">
            <visible>!String.IsEmpty(Skin.String(HomeAddon.10.Label)) + String.IsEmpty(Skin.String(HomeAddon.10.Icon))</visible>
            <thumb>$INFO[system.addonicon(Skin.String(HomeAddon.10.label))]</thumb>
            <label>$INFO[system.addonTitle(Skin.String(HomeAddon.10.Label))]</label>
            <property name="color">red</property>
            <onclick>RunAddon($INFO[Skin.String(HomeAddon.10.Label)])</onclick>
        </item>
        <item id="504" description="Custom script">
            <visible>!String.IsEmpty(Skin.String(HomeAddon.10.Label)) + !String.IsEmpty(Skin.String(HomeAddon.10.Icon))</visible>
            <thumb>$INFO[Skin.String(HomeAddon.10.Icon)]</thumb>
            <label>$INFO[system.addonTitle(Skin.String(HomeAddon.10.Label))]</label>
            <property name="color">red</property>
            <onclick>RunAddon($INFO[Skin.String(HomeAddon.10.Label)])</onclick>
        </item>
        <item id="505" description="Custom script">
            <visible>!String.IsEmpty(Skin.String(HomeAddon.11.Label)) + String.IsEmpty(Skin.String(HomeAddon.11.Icon))</visible>
            <thumb>$INFO[system.addonicon(Skin.String(HomeAddon.11.label))]</thumb>
            <label>$INFO[system.addonTitle(Skin.String(HomeAddon.11.Label))]</label>
            <property name="color">lightblue</property>
            <onclick>RunAddon($INFO[Skin.String(HomeAddon.11.Label)])</onclick>
        </item>
        <item id="505" description="Custom script">
            <visible>!String.IsEmpty(Skin.String(HomeAddon.11.Label)) + !String.IsEmpty(Skin.String(HomeAddon.11.Icon))</visible>
            <thumb>$INFO[Skin.String(HomeAddon.11.Icon)]</thumb>
            <label>$INFO[system.addonTitle(Skin.String(HomeAddon.11.Label))]</label>
            <property name="color">lightblue</property>
            <onclick>RunAddon($INFO[Skin.String(HomeAddon.11.Label)])</onclick>
        </item>
        <item id="506" description="Custom script">
            <visible>!String.IsEmpty(Skin.String(HomeAddon.12.Label)) + String.IsEmpty(Skin.String(HomeAddon.12.Icon))</visible>
            <thumb>$INFO[system.addonicon(Skin.String(HomeAddon.12.label))]</thumb>
            <label>$INFO[system.addonTitle(Skin.String(HomeAddon.12.Label))]</label>
            <property name="color">progcolor</property>
            <onclick>RunAddon($INFO[Skin.String(HomeAddon.12.Label)])</onclick>
        </item>
        <item id="506" description="Custom script">
            <visible>!String.IsEmpty(Skin.String(HomeAddon.12.Label)) + !String.IsEmpty(Skin.String(HomeAddon.12.Icon))</visible>
            <thumb>$INFO[Skin.String(HomeAddon.12.Icon)]</thumb>
            <label>$INFO[system.addonTitle(Skin.String(HomeAddon.12.Label))]</label>
            <property name="color">progcolor</property>
            <onclick>RunAddon($INFO[Skin.String(HomeAddon.12.Label)])</onclick>
        </item>
        <!--SOURCES-->
        <item id="347">
            <visible>!Skin.HasSetting(hideSources) + [Library.HasContent(Movies) | Library.HasContent(TVShows)]</visible>
            <thumb>icons/sources.png</thumb>
            <label>20094</label>
            <property name="color">dvdcolor</property>
            <onclick>activatewindow(1115)</onclick>
        </item>
        <!--VIDEOROOT-->
        <item id="361">
            <visible>!Skin.HasSetting(hidevidroot)</visible>
            <thumb>icons/vidroot.png</thumb>
            <label>3</label>
            <property name="color">green3</property>
            <onclick>ActivateWindow(video,root,return)</onclick>
        </item>
        <!--FILE BROWSER-->
        <item id="353">
            <visible>!Skin.HasSetting(hidebro)</visible>
            <thumb>icons/browser.png</thumb>
            <label>7</label>
            <property name="color">lightyellow</property>
            <onclick>ActivateWindow(3)</onclick>
        </item>
        <!--DVD-->
        <item id="354">
            <visible>![System.Platform.ios | System.Platform.atv2]</visible>
            <visible>!Skin.HasSetting(XBMC3)</visible>
            <visible>System.HasMediadvd</visible>
            <thumb>icons/DVD.png</thumb>
            <label>$INFO[System.DVDLabel]</label>
            <property name="color">dvdcolor</property>
            <onclick>ActivateWindow(1112)</onclick>
        </item>
        <!--SETTINGS-->
        <item id="348">
            <visible>!Skin.HasSetting(hidesett)</visible>
            <thumb>icons/settings.png</thumb>
            <label>5</label>
            <property name="color">bluegray</property>
            <onclick>ActivateWindow(1120)</onclick>
        </item>
        <!--VIDEO GUIDES-->
        <!--<item id="3490">-->
            <!--<visible>!Skin.HasSetting(hidevidhelp)</visible>-->
            <!--<thumb>icons/qmark.png</thumb>-->
            <!--<label>$LOCALIZE[10043]</label>-->
            <!--<property name="color">orange</property>-->
            <!--<onclick>ActivateWindow(1111)</onclick>-->
        <!--</item>-->
        <!--FULLSCREEN-->
        <item id="349">
            <visible>Player.HasMedia</visible>
            <thumb>icons/full.png</thumb>
            <label>31064</label>
            <property name="color">green3</property>
            <onclick condition="Player.HasMedia">Fullscreen</onclick>
        </item>
        <!--QUIT-->
        <item id="349">
            <visible>!Player.HasMedia + !Skin.HasSetting(hidesett)</visible>
            <thumb>$VAR[quiticon]</thumb>
            <label>$VAR[quitlabel]</label>
            <property name="color">darkblue</property>
            <onclick condition="StringCompare(Skin.String(shutdown),quit)">XBMC.quit()</onclick>
            <onclick condition="StringCompare(Skin.String(shutdown),powerdown)">XBMC.powerdown()</onclick>
            <onclick condition="StringCompare(Skin.String(shutdown),hibernate)">XBMC.hibernate()</onclick>
            <onclick condition="StringCompare(Skin.String(shutdown),suspend)">XBMC.suspend()</onclick>
            <onclick condition="StringCompare(Skin.String(shutdown),reboot)">XBMC.reboot()</onclick>
            <onclick condition="!Skin.HasSetting(quitter)">ActivateWindow(shutdownmenu)</onclick>
        </item>
        <item id="349">
            <visible>!Player.HasMedia + Skin.HasSetting(hidesett)</visible>
            <thumb>icons/quits.png</thumb>
            <label>351</label>
            <property name="color">darkblue</property>
            <onclick>ActivateWindow(shutdownmenu)</onclick>
        </item>
    </include>
</includes>
