<?xml version="1.0" encoding="UTF-8"?>
<window>
    <views>11</views>
    <defaultcontrol>11</defaultcontrol>
    <menucontrol>9000</menucontrol>
    <backgroundcolor>background</backgroundcolor>
    <include>OpenClose</include>
    <controls>
        <include>BlackBackground</include>
        <control type="label" id="29">
            <description>passes the values up one level</description>
            <visible>False</visible>
        </control>
        <control type="label" id="30">
            <description>passes the values up one level</description>
            <visible>False</visible>
        </control>
        <control type="group">
            <description>Small Media Window</description>
            <include>Icon_Fade</include>
            <control type="image">
                <visible>!Player.HasMedia</visible>
                <left>120</left>
                <top>80</top>
                <width>760</width>
                <height>495</height>
                <texture>pvr/tvset.png</texture>
            </control>
            <control type="videowindow">
                <left>120</left>
                <top>80</top>
                <width>760</width>
                <height>495</height>
                <visible>Player.HasVideo</visible>
            </control>
            <control type="visualisation">
                <left>120</left>
                <top>80</top>
                <width>760</width>
                <height>495</height>
                <visible>Player.HasAudio</visible>
            </control>
        </control>
        <control type="group" id="50">
            <include>OpenClose</include>
            <control type="group">
                <description>TV Channels group</description>
                <include>VisibleFade</include>
                <control type="grouplist">
                    <top>600</top>
                    <left>120</left>
                    <itemgap>15</itemgap>
                    <control type="label">
                        <width>790</width>
                        <height>30</height>
                        <font>size26</font>
                        <textcolor>gray</textcolor>
                        <align>center</align>
                        <visible>Container(11).ListItem.HasEpg</visible>
                        <label>$INFO[Container(11).ListItem.StartTime] • [COLOR=red][B]$INFO[Container(11).ListItem.Title][/B][/COLOR] • $INFO[Container(11).ListItem.EndTime]</label>
                    </control>
                    <control type="label">
                        <width>760</width>
                        <height>30</height>
                        <font>font12</font>
                        <textcolor>gray</textcolor>
                        <align>center</align>
                        <scroll>false</scroll>
                        <visible>!String.IsEmpty(Container(11).ListItem.NextTitle)</visible>
                        <label>$LOCALIZE[19031]: $INFO[Container(11).ListItem.NextTitle]</label>
                    </control>
                    <control type="progress">
                        <description>Progressbar</description>
                        <left>100</left>
                        <width>760</width>
                        <height>8</height>
                        <texturebg border="6,6,6,6">MusicOSD/ProgressBG.png</texturebg>
                        <midtexture border="6,6,6,6">MusicOSD/ProgressM.png</midtexture>
                        <righttexture border="0,6,0,6">MusicOSD/ProgressR.png</righttexture>
                        <lefttexture border="0,6,0,6">MusicOSD/ProgressL.png</lefttexture>
                        <visible>Container(11).ListItem.HasEpg</visible>
                        <info>Container(11).ListItem.Progress</info>
                    </control>
                    <control type="textbox">
                        <description>Plot Value for TVShow</description>
                        <width>760</width>
                        <height>280</height>
                        <align>justify</align>
                        <label>$INFO[Container(11).ListItem.Plot]</label>
                        <autoscroll time="2000" delay="3000" repeat="5000">true</autoscroll>
                    </control>
                </control>
                <control type="group">
                    <left>1020</left>
                    <top>131</top>
                    <include>LargeListItemCount</include>
                    <control type="fixedlist" id="11">
                        <width>802</width>
                        <height>888</height>
                        <onleft>9000</onleft>
                        <onright condition="!Skin.HasSetting(Scrollbars_Passive)">60</onright>
                        <onright condition="Skin.HasSetting(Scrollbars_Passive)">noop</onright>
                        <onup>11</onup>
                        <ondown>11</ondown>
                        <pagecontrol>60</pagecontrol>
                        <viewtype label="535">list</viewtype>
                        <focusposition>3</focusposition>
                        <movement>4</movement>
                        <preloaditems>4</preloaditems>
                        <scrolltime>250</scrolltime>
                        <itemlayout width="802" height="111">
                            <control type="image">
                                <width>802</width>
                                <height>1</height>
                                <texture>lines/Line.png</texture>
                            </control>
                            <control type="label">
                                <animation condition="String.IsEmpty(ListItem.Title)" effect="slide" start="0,0" end="0,18" time="0" reversible="true">Conditional</animation>
                                <width>45</width>
                                <height>75</height>
                                <align>center</align>
                                <aligny>center</aligny>
                                <textcolor>gray</textcolor>
                                <font>font12</font>
                                <label>$INFO[ListItem.Channelnumber]</label>
                            </control>
                            <control type="label">
                                <animation condition="String.IsEmpty(ListItem.Title)" effect="slide" start="0,0" end="0,20" time="0" reversible="true">Conditional</animation>
                                <left>50</left>
                                <width>900</width>
                                <selectedcolor>red</selectedcolor>
                                <align>left</align>
                                <aligny>center</aligny>
                                <width>640</width>
                                <include>BigListTitle</include>
                                <info>ListItem.Label</info>
                            </control>
                            <control type="label">
                                <description>Label 2 Title</description>
                                <left>45</left>
                                <width>900</width>
                                <include>BigListDetails</include>
                                <info>ListItem.Title</info>
                            </control>
                            <include>statusbiglist</include>
                        </itemlayout>
                        <focusedlayout height="111" width="802">
                            <control type="image">
                                <width>802</width>
                                <height>1</height>
                                <texture>lines/Line.png</texture>
                            </control>
                            <control type="image" description="selector">
                                <animation effect="fade" end="0" time="30">UnFocus</animation>
                                <width>802</width>
                                <height>111</height>
                                <texture>images/buttonselect1.png</texture>
                                <colordiffuse>445555FF</colordiffuse>
                            </control>
                            <control type="label">
                                <animation condition="String.IsEmpty(ListItem.Title)" effect="slide" start="0,0" end="0,18" time="0" reversible="true">Conditional</animation>
                                <width>45</width>
                                <height>75</height>
                                <align>center</align>
                                <aligny>center</aligny>
                                <textcolor>gray</textcolor>
                                <font>font12</font>
                                <label>$INFO[ListItem.Channelnumber]</label>
                            </control>
                            <control type="label">
                                <animation condition="String.IsEmpty(ListItem.Title)" effect="slide" start="0,0" end="0,20" time="0" reversible="true">Conditional</animation>
                                <left>50</left>
                                <width>900</width>
                                <selectedcolor>red</selectedcolor>
                                <align>left</align>
                                <aligny>center</aligny>
                                <width>640</width>
                                <include>BigListTitle</include>
                                <info>ListItem.Label</info>
                            </control>
                            <control type="label">
                                <description>Label 2 Title</description>
                                <left>45</left>
                                <width>900</width>
                                <include>BigListDetails</include>
                                <info>ListItem.Title</info>
                            </control>
                            <include>statusbiglist</include>
                        </focusedlayout>
                    </control>
                </control>
                <control type="image">
                    <left>1020</left>
                    <width>1</width>
                    <height>1080</height>
                    <texture>lines/LineV.png</texture>
                </control>
                <control type="scrollbar" id="60">
                    <left>39r</left>
                    <top>135</top>
                    <height>870</height>
                    <onleft>11</onleft>
                    <onright>noop</onright>
                </control>
                <control type="label">
                    <description>Page Count Label</description>
                    <left>40r</left>
                    <top>50r</top>
                    <width>500</width>
                    <height>20</height>
                    <font>font12</font>
                    <textcolor>gray</textcolor>
                    <scroll>false</scroll>
                    <align>right</align>
                    <aligny>center</aligny>
                    <label>$LOCALIZE[31000] ([COLOR=White]$INFO[Container(11).CurrentPage]/$INFO[Container(11).NumPages][/COLOR])</label>
                </control>
            </control>
        </control>
        <control type="scrollbar" id="60">
            <left>39r</left>
            <top>135</top>
            <height>870</height>
            <onleft>11</onleft>
            <onright>noop</onright>
        </control>
        <control type="label">
            <description>Page Count Label</description>
            <left>40r</left>
            <top>50r</top>
            <width>500</width>
            <height>20</height>
            <font>font12</font>
            <textcolor>gray</textcolor>
            <scroll>false</scroll>
            <align>right</align>
            <aligny>center</aligny>
            <label>$LOCALIZE[31000] ([COLOR=White]$INFO[Container(12).CurrentPage]/$INFO[Container(12).NumPages][/COLOR])</label>
        </control>
        <control type="image">
            <left>1020</left>
            <width>1</width>
            <height>1080</height>
            <texture>lines/LineV.png</texture>
        </control>
        <include>WindowsTopInfos</include>
        <include>PVRsidemenu</include>
    </controls>
</window>
