<?xml version="1.0" encoding="UTF-8"?>
<window>
    <defaultcontrol always="true">100</defaultcontrol>
    <zorder>5</zorder>
    <controls>
        <control type="group">
            <control type="group" id="101" description="Options content">
                <visible>![Window.IsVisible(SliderDialog) | Window.IsVisible(OSDVideoSettings) | Window.IsVisible(OSDAudioSettings) | Window.IsVisible(VideoBookmarks) | VideoPlayer.Content(LiveTV)]</visible>
                <left>630</left>
                <top>840</top>
                <animation type="Focus">
                    <effect type="slide" tween="Cubic" easing="out" start="0,0" end="0,-800" time="800"/>
                </animation>
                <animation type="Unfocus">
                    <effect type="slide" tween="Cubic" easing="in" start="0,-800" end="0,0" time="500"/>
                </animation>
                <control type="image">
                    <centerleft>890</centerleft>
                    <centertop>441</centertop>
                    <width>680</width>
                    <height>482</height>
                    <aspectratio>stretch</aspectratio>
                    <texture border="50">sidepanel/Back.png</texture>
                </control>
                <control type="grouplist" id="101" description="OSD Options">
                    <centerleft>890</centerleft>
                    <centertop>441</centertop>
                    <width>590</width>
                    <height>482</height>
                    <itemgap>0</itemgap>
                    <onleft>100</onleft>
                    <onright>100</onright>
                    <onup>101</onup>
                    <ondown>101</ondown>
                    <scrolltime>240</scrolltime>
                    <align>center</align>
                    <control type="togglebutton" id="701" description="Subtitles">
                        <width>590</width>
                        <include>DialogButt</include>
                        <label>$LOCALIZE[33003] $LOCALIZE[287]</label>
                        <onclick>left</onclick>
                        <onclick>Dialog.Close(VideoOSD)</onclick>
                        <onclick>ActivateWindow(SubtitleSearch)</onclick>
                    </control>
                    <control type="button" id="703">
                        <width>590</width>
                        <include>DialogButt</include>
                        <label>13395</label>
                        <onclick>left</onclick>
                        <!--<onclick>close</onclick>-->
                        <onclick>ActivateWindow(OSDVideoSettings)</onclick>
                    </control>
                    <control type="button" id="704">
                        <width>590</width>
                        <include>DialogButt</include>
                        <label>$LOCALIZE[292] &amp; $LOCALIZE[287]</label>
                        <onclick>left</onclick>
                        <!--<onclick>close</onclick>-->
                        <onclick>ActivateWindow(OSDAudioSettings)</onclick>
                    </control>
                    <control type="button" id="705">
                        <width>590</width>
                        <include>DialogButt</include>
                        <label>298</label>
                        <onclick>left</onclick>
                        <!--<onclick>close</onclick>-->
                        <onclick>ActivateWindow(VideoBookmarks)</onclick>
                    </control>
                    <control type="togglebutton" id="706" description="Info">
                        <width>590</width>
                        <include>DialogButt</include>
                        <label>20176</label>
                        <onclick>left</onclick>
                        <!--<onclick>close</onclick>-->
                        <onclick>ActivateWindow(142)</onclick>
                    </control>
                    <control type="button" id="707">
                        <width>590</width>
                        <include>DialogButt</include>
                        <label>21445</label>
                        <onclick>CodecInfo</onclick>
                    </control>
                    <control type="button" id="708">
                        <width>590</width>
                        <include>DialogButt</include>
                        <label>25003</label>
                        <onclick>SetFocus(100,2)</onclick>
                        <onclick>PlayerControl(ShowVideoMenu)</onclick>
                        <enable>VideoPlayer.HasMenu</enable>
                        <animation effect="fade" start="100" end="50" time="100" condition="!VideoPlayer.HasMenu">Conditional</animation>
                    </control>
                </control>
            </control>
            <control type="group">
                <visible>![Window.IsActive(DialogSelect.xml) | Window.IsActive(SliderDialog) | Window.IsActive(OSDVideoSettings) | Window.IsActive(OSDAudioSettings) | Window.IsActive(VideoBookmarks) | Window.IsActive(script-XBMC-Subtitles-main.xml)]</visible>
                <animation effect="fade" end="100" time="400">Visible</animation>
                <animation effect="fade" end="0" time="100">Hidden</animation>
                <left>0</left>
                <top>0</top>
                <control type="label" description="Title">
                    <left>120</left>
                    <top>880</top>
                    <height>60</height>
                    <width>840</width>
                    <scroll>true</scroll>
                    <font>size33B</font>
                    <align>right</align>
                    <textcolor>yellow</textcolor>
                    <shadowcolor>-</shadowcolor>
                    <label>[B]$INFO[VideoPlayer.Title][/B]</label>
                </control>
                <control type="group" description="Cover">
                    <camera x="1720" y="720"/>
                    <animation effect="fade" start="0" end="100" time="600">VisibleChange</animation>
                    <animation effect="rotatey" end="20" center="1720,0" reversible="false" condition="true">Conditional</animation>
                    <visible>!ControlGroup(101).HasFocus()</visible>
                    <left>1610</left>
                    <top>600</top>
                    <control type="image" description="CoverReal">
                        <visible>String.IsEmpty(Player.Art(tvshow.poster))</visible>
                        <height>300</height>
                        <width>220</width>
                        <aspectratio>keep</aspectratio>
                        <texture diffuse="images/Diffuse.png">$INFO[VideoPlayer.Cover]</texture>
                    </control>
                    <control type="image" description="CoverReal-tvshows">
                        <height>300</height>
                        <width>220</width>
                        <aspectratio>keep</aspectratio>
                        <texture diffuse="images/Diffuse.png">$INFO[Player.Art(tvshow.poster)]</texture>
                    </control>
                    <control type="label" description="Episode">
                        <visible>VideoPlayer.Content(Episodes)</visible>
                        <left>0</left>
                        <top>290</top>
                        <height>60</height>
                        <width>220</width>
                        <scroll>false</scroll>
                        <font>size24</font>
                        <align>right</align>
                        <textcolor>main</textcolor>
                        <label>[B]S $INFO[VideoPlayer.Season] E $INFO[VideoPlayer.Episode][/B]</label>
                    </control>
                    <control type="label" description="Channel">
                        <visible>Pvr.IsPlayingTV</visible>
                        <left>0</left>
                        <top>290</top>
                        <height>60</height>
                        <width>220</width>
                        <scroll>false</scroll>
                        <font>size24</font>
                        <align>left</align>
                        <textcolor>main</textcolor>
                        <label>$INFO[VideoPlayer.ChannelName]</label>
                    </control>
                </control>
            </control>
            <control type="list" id="100">
                <left>1000</left>
                <top>220r</top>
                <onright>100</onright>
                <onleft>100</onleft>
                <onup>101</onup>
                <ondown>101</ondown>
                <width>700</width>
                <height>100</height>
                <align>center</align>
                <orientation>horizontal</orientation>
                <itemlayout width="90">
                    <control type="image">
                        <width>90</width>
                        <height>98</height>
                        <texture>$INFO[ListItem.thumb]</texture>
                        <colordiffuse>main</colordiffuse>
                    </control>
                </itemlayout>
                <focusedlayout width="90">
                    <control type="image">
                        <width>90</width>
                        <height>98</height>
                        <texture>$INFO[ListItem.label]</texture>
                        <colordiffuse>main</colordiffuse>
                    </control>
                </focusedlayout>
                <content>
                    <item id="7">
                        <visible>!Pvr.IsPlayingTV</visible>
                        <thumb>Seekbar/OSDPreviousNF.png</thumb>
                        <label>Seekbar/OSDPreviousFO.png</label>
                        <onclick>PlayerControl(Previous)</onclick>
                    </item>
                    <item id="10">
                        <visible>Pvr.IsPlayingTV</visible>
                        <thumb>Seekbar/OSDupNF.png</thumb>
                        <label>Seekbar/OSDupFO.png</label>
                        <onclick>PlayerControl(Previous)</onclick>
                    </item>
                    <item id="11">
                        <visible>Pvr.IsPlayingTV</visible>
                        <thumb>Seekbar/OSDdownNF.png</thumb>
                        <label>Seekbar/OSDdownFO.png</label>
                        <onclick>PlayerControl(Next)</onclick>
                    </item>
                    <item id="1">
                        <visible>!Pvr.IsPlayingTV</visible>
                        <thumb>Seekbar/OSDRWNF.png</thumb>
                        <label>Seekbar/OSDRWFO.png</label>
                        <onclick>PlayerControl(Rewind)</onclick>
                    </item>
                    <item id="0">
                        <visible>!Player.Paused + !Player.Forwarding + !Player.Rewinding + !Pvr.IsPlayingTV</visible>
                        <thumb>Seekbar/OSDPauseNF.png</thumb>
                        <label>Seekbar/OSDPauseFO.png</label>
                        <onclick>PlayerControl(Play)</onclick>
                    </item>
                    <item id="0">
                        <visible>Player.Paused | Player.Forwarding | Player.Rewinding + !Pvr.IsPlayingTV</visible>
                        <thumb>Seekbar/OSDPlayNF.png</thumb>
                        <label>Seekbar/OSDPlayFO.png</label>
                        <onclick>PlayerControl(Play)</onclick>
                    </item>
                    <item id="4">
                        <thumb>Seekbar/OSDStopNF.png</thumb>
                        <label>Seekbar/OSDStopFO.png</label>
                        <onclick>PlayerControl(Stop)</onclick>
                    </item>
                    <item id="0">
                        <visible>Pvr.IsPlayingTv</visible>
                        <thumb>Seekbar/OSDchnNF.png</thumb>
                        <label>Seekbar/OSDchnFO.png</label>
                        <onclick>XBMC.ActivateWindow(PVROSDChannels)</onclick>
                    </item>
                    <item id="16">
                        <visible>Pvr.IsPlayingTv</visible>
                        <thumb>Seekbar/OSDpvrNF.png</thumb>
                        <label>Seekbar/OSDpvrFO.png</label>
                        <onclick>XBMC.ActivateWindow(PVROSDGuide)</onclick>
                    </item>
                    <item id="15">
                        <visible>Pvr.IsPlayingTv</visible>
                        <thumb>Seekbar/OSDtxtNF.png</thumb>
                        <label>Seekbar/OSDtxtFO.png</label>
                        <onclick>XBMC.ActivateWindow(Teletext)</onclick>
                    </item>
                    <item id="5">
                        <visible>!Pvr.IsPlayingTV</visible>
                        <thumb>Seekbar/OSDFWNF.png</thumb>
                        <label>Seekbar/OSDFWFO.png</label>
                        <onclick>PlayerControl(Forward)</onclick>
                    </item>
                    <item id="6">
                        <visible>!Pvr.IsPlayingTV</visible>
                        <thumb>Seekbar/OSDNextNF.png</thumb>
                        <label>Seekbar/OSDNextFO.png</label>
                        <onclick>PlayerControl(Next)</onclick>
                    </item>
                    <item id="8">
                        <visible>Player.CanRecord + !Pvr.IsRecording</visible>
                        <thumb>Seekbar/OSDrecNF.png</thumb>
                        <label>Seekbar/OSDrecFO.png</label>
                        <onclick>PlayerControl(Record)</onclick>
                    </item>
                    <item id="8">
                        <visible>Player.CanRecord + Pvr.IsRecording</visible>
                        <thumb>Seekbar/OSDreconNF.png</thumb>
                        <label>Seekbar/OSDreconFO.png</label>
                        <onclick>PlayerControl(Record)</onclick>
                    </item>
                    <item id="255">
                        <visible>VideoPlayer.IsStereoscopic</visible>
                        <thumb>Seekbar/OSD3DNF.png</thumb>
                        <label>Seekbar/OSD3DFO.png</label>
                        <onclick>SetFocus(500)</onclick>
                    </item>
                </content>
            </control>
        </control>
        <control type="image">
            <visible>!ControlGroup(101).HasFocus() + !VideoPlayer.Content(LiveTV)</visible>
            <animation type="Visible">
                <effect type="fade" tween="circle" easing="in" start="0" end="100" time="800"/>
            </animation>
            <left>1500</left>
            <top>1030</top>
            <width>48</width>
            <height>48</height>
            <texture>images/Dialogpull.png</texture>
        </control>
        <!-- 3D -->
        <control type="group">
            <visible>VideoPlayer.IsStereoscopic + ![Window.IsVisible(SliderDialog) | Window.IsVisible(OSDVideoSettings) | Window.IsVisible(OSDAudioSettings) | Window.IsVisible(VideoBookmarks)]</visible>
            <visible allowhiddenfocus="true">ControlGroup(500).HasFocus</visible>
            <animation effect="fade" time="200">VisibleChange</animation>
            <control type="image">
                <left>510</left>
                <top>500</top>
                <width>900</width>
                <height>450</height>
                <aspectratio>stretch</aspectratio>
                <texture border="150">images/Dialog.png</texture>
            </control>
            <control type="grouplist" id="500">
                <left>710</left>
                <top>300</top>
                <width>500</width>
                <height>500</height>
                <align>bottom</align>
                <itemgap>0</itemgap>
                <onleft>100</onleft>
                <onright>100</onright>
                <onup>noop</onup>
                <ondown>noop</ondown>
                <orientation>vertical</orientation>
                <include>VisibleFadeEffect</include>
                <control type="group">
                    <description>WindowsTopInfos</description>
                    <width>500</width>
                    <height>50</height>
                    <control type="label" id="">
                        <top>20</top>
                        <width>500</width>
                        <height>15</height>
                        <font>size33</font>
                        <label>36501</label>
                        <align>center</align>
                        <aligny>center</aligny>
                    </control>
                </control>
                <control type="radiobutton" id="503">
                    <height>40</height>
                    <width>500</width>
                    <font>size33</font>
                    <label>Enable</label>
                    <onclick>ToggleStereoMode</onclick>
                    <selected>IntegerGreaterThan(System.StereoscopicMode,0)</selected>
                    <pulseonselect>false</pulseonselect>
                </control>
                <control type="button" id="502">
                    <height>40</height>
                    <width>500</width>
                    <align>left</align>
                    <font>size33</font>
                    <textoffsetx>30</textoffsetx>
                    <pulseonselect>false</pulseonselect>
                    <label>3D Mode Selection</label>
                    <onclick>StereoMode</onclick>
                </control>
                <control type="radiobutton" id="501">
                    <height>40</height>
                    <width>500</width>
                    <font>size33</font>
                    <label>Force 2D</label>
                    <onclick>StereoModeToMono</onclick>
                    <selected>StringCompare(System.StereoscopicMode,7)</selected>
                    <pulseonselect>false</pulseonselect>
                </control>
            </control>
        </control>
        <!-- 3D END-->
        <control type="slider" id="401">
            <description>Slider</description>
            <left>257</left>
            <top>933</top>
            <width>1416</width>
            <height>68</height>
            <action>seek</action>
        </control>
    </controls>
</window>
