<?xml version='1.0' encoding='UTF-8' standalone='yes'?>
<addon 
  id="plugin.video.corbettreport" 
  name="The CorbettReport" 
  provider-name="celadoor" 
  version="0.4.0">
  <requires>
    <import  addon="xbmc.python"                      version="3.0.0" />
    <import  addon="script.common.plugin.cache"       version="1.5.1" />
    <import  addon="script.module.feedparser"         version="6.0.11" />
  </requires>
  <extension library="default.py"                     point="xbmc.python.pluginsource">
    <provides>video</provides>
  </extension>
  <extension point="xbmc.addon.metadata">
    <summary lang="en">CorbettReport.com video plugin</summary>
    <description lang="en">The Corbett Report is an independent, listener-supported alternative news source. It operates on the principle of open source intelligence and provides podcasts, interviews, articles and videos about breaking news and important issues from 9/11 Truth and false flag terror to the Big Brother police state, eugenics, geopolitics, the central banking fraud and more..</description>
    <language>en</language>
    <platform>all</platform>
	<license>GNU GENERAL PUBLIC LICENSE. Version 3, June 2007</license>
	<forum>http://forum.xbmc.org/showthread.php?tid=177772</forum>
    <website>http://www.corbettreport.com/support/</website>
    <assets>
        <icon>resources/assets/icon.png</icon>
        <fanart>resources/assets/fanart.jpg</fanart>
    </assets>
    <email></email>
    <news>created by celadoor.
Version 0.4.0 Use feedparser to pull latest RSS video feeds.

Version 0.3.3 -Omega version and fix for Latest Videos on new website

Version 0.3.0 -Matrix python 3 version

Version 0.0.9 -Added All Videos option, made main menu more compact, tidied up titles..

Version 0.0.6 -re-enabled some of the audio options, updated icon.

Version 0.0.5 -Update due to website url changes.

Version 0.0.4 -Cosmetic UI improvements

Version 0.0.3 -Tidy up strings ready for official repo.

Version 0.0.2 -Made changes ready for official repo.

Version 0.0.1 -Initial Release. Plays all the latest Corbett Report Video
podcasts.</news>
	<source>http://celadoor.github.io/plugin.video.corbettreport.zip</source>
  </extension>
</addon>
