<?xml version="1.0" encoding="UTF-8"?>
<window>
    <defaultcontrol always="true">100</defaultcontrol>
    <zorder>5</zorder>
    <controls>
        <control type="group">
            <control type="group" id="101" description="Options content">
                <left>630</left>
                <top>840</top>
                <animation type="Focus">
                    <effect type="slide" tween="Cubic" easing="out" start="0,0" end="0,-800" time="800"/>
                </animation>
                <animation type="Unfocus">
                    <effect type="slide" tween="Cubic" easing="in" start="0,-800" end="0,0" time="500"/>
                </animation>
                <control type="image">
                    <centerleft>890</centerleft>
                    <centertop>441</centertop>
                    <width>680</width>
                    <height>500</height>
                    <aspectratio>stretch</aspectratio>
                    <texture border="50">sidepanel/Back.png</texture>
                </control>
                <control type="grouplist" id="101" description="Music OSD Options">
                    <centerleft>890</centerleft>
                    <centertop>441</centertop>
                    <width>525</width>
                    <height>483</height>
                    <itemgap>0</itemgap>
                    <onleft>100</onleft>
                    <onright>100</onright>
                    <onup>101</onup>
                    <ondown>101</ondown>
                    <scrolltime>240</scrolltime>
                    <align>center</align>
                    <control type="button" id="555" description="Fanart">
                         <include>ButtonMenu</include>
                         <label>$VAR[Fanartdisplaystatus]</label>
                         <onclick>Skin.ToggleSetting(MusicPlayingFanart)</onclick>
                    </control>
                    <control type="radiobutton" id="499">
                          <description>Background Button</description>
                          <width>1138</width>
                          <label>$LOCALIZE[12379]</label>
                          <onclick>Skin.ToggleSetting(VisualizationFanartPanScan)</onclick>
                          <selected>Skin.HasSetting(VisualizationFanartPanScan)</selected>
                    </control>
                    <control type="button" id="500">
                         <description>Visualisation</description>
                         <include>ButtonMenu</include>
                         <label>24010</label>
                    </control>
                    <control type="button" id="19">
                         <description>Visualisation settings</description>
                         <include>ButtonMenu</include>
                         <label>$LOCALIZE[250] $LOCALIZE[10004]</label>
                         <onclick>Addon.Default.OpenSettings(xbmc.player.musicviz)</onclick>
                         <enable>Visualisation.Enabled</enable>
                    </control>
                    <control type="button" id="20">
                         <description>Visualisation Presets</description>
                         <include>ButtonMenu</include>
                         <label>31004</label>
                         <onclick>ActivateWindow(122)</onclick>
                         <enable>Visualisation.HasPresets</enable>
                    </control>
                    <control type="button" id="9">
                         <description>Lyrics</description>
                         <include>ButtonMenu</include>
                         <label>24013</label>
                         <onclick condition="String.IsEmpty(Skin.String(LyricPath))">Skin.SetAddon(LyricPath,xbmc.python.lyrics)</onclick>
                         <onclick condition="!String.IsEmpty(Skin.String(LyricPath))">RunScript($INFO[Skin.String(LyricPath)])</onclick>
                         <onclick>left</onclick>
                    </control>
                         <control type="button" id="301"description="CodecInfo">
                         <include>ButtonMenu</include>
                         <label>21446</label>
					     <onclick>Skin.ToggleSetting(MusicCodecInfo)</onclick>
                    </control>
                </control>
            </control>
            <control type="image">
                <left>160</left>
                <top>100r</top>
                <width>890</width>
                <height>500</height>
                <aspectratio>stretch</aspectratio>
                <texture border="50">sidepanel/Back.png</texture>
            </control>
            <control type="list" id="100">
                <left>200</left>
                <top>90r</top>
                <onright>100</onright>
                <onleft>100</onleft>
                <onup>101</onup>
                <ondown>101</ondown>
                <width>1000</width>
                <height>100</height>
                <align>center</align>
                <orientation>horizontal</orientation>
                <itemlayout width="90">
                    <control type="image">
                        <width>90</width>
                        <height>98</height>
                        <texture>$INFO[ListItem.thumb]</texture>
                        <colordiffuse>main</colordiffuse>
                    </control>
                </itemlayout>
                <focusedlayout width="90">
                    <control type="image">
                        <width>90</width>
                        <height>98</height>
                        <texture>$INFO[ListItem.label]</texture>
                        <colordiffuse>main</colordiffuse>
                    </control>
                </focusedlayout>
                <content>
                    <item id="1">
                        <visible>!Playlist.IsRepeatOne + !Playlist.IsRepeat</visible>
                        <thumb>MusicOSD/OSDRepeatNF.png</thumb>
                        <label>MusicOSD/OSDRepeatFO.png</label>
                        <onclick>PlayerControl(Repeat)</onclick>
                    </item>
                    <item id="1">
                        <thumb>MusicOSD/OSDRepeatOneNF.png</thumb>
                        <label>MusicOSD/OSDRepeatOneFO.png</label>
                        <onclick>PlayerControl(Repeat)</onclick>
                        <visible>Playlist.IsRepeatOne</visible>
                    </item>
                    <item id="1">
                        <thumb>MusicOSD/OSDRepeatAllNF.png</thumb>
                        <label>MusicOSD/OSDRepeatAllFO.png</label>
                        <onclick>PlayerControl(Repeat)</onclick>
                        <visible>Playlist.IsRepeat</visible>
                    </item>
                    <item id="2">
                        <thumb>Seekbar/OSDPreviousNF.png</thumb>
                        <label>Seekbar/OSDPreviousFO.png</label>
                        <onclick>Playlist.PlayOffset(-1)</onclick>
                    </item>
                    <item id="3">
                        <thumb>Seekbar/OSDRWNF.png</thumb>
                        <label>Seekbar/OSDRWFO.png</label>
                        <onclick>PlayerControl(SmallSkipBackward)</onclick>
                    </item>
                    <item id="4">
                        <visible>!Player.Paused + !Player.Forwarding + !Player.Rewinding</visible>
                        <thumb>Seekbar/OSDPauseNF.png</thumb>
                        <label>Seekbar/OSDPauseFO.png</label>
                        <onclick>PlayerControl(Play)</onclick>
                    </item>
                    <item id="4">
                        <visible>Player.Paused | Player.Forwarding | Player.Rewinding</visible>
                        <thumb>Seekbar/OSDPlayNF.png</thumb>
                        <label>Seekbar/OSDPlayFO.png</label>
                        <onclick>PlayerControl(Play)</onclick>
                    </item>
                    <item id="5">
                        <thumb>Seekbar/OSDStopNF.png</thumb>
                        <label>Seekbar/OSDStopFO.png</label>
                        <onclick>PlayerControl(Stop)</onclick>
                    </item>
                    <item id="6">
                        <thumb>Seekbar/OSDFWNF.png</thumb>
                        <label>Seekbar/OSDFWFO.png</label>
                        <onclick>PlayerControl(SmallSkipForward)</onclick>
                    </item>
                    <item id="7">
                        <thumb>Seekbar/OSDNextNF.png</thumb>
                        <label>Seekbar/OSDNextFO.png</label>
                        <onclick>Playlist.PlayOffset(1)</onclick>
                    </item>
                    <item id="9">
                        <visible>Playlist.IsRandom</visible>
                        <thumb>MusicOSD/OSDRandomOnNF.png</thumb>
                        <label>MusicOSD/OSDRandomOnFO.png</label>
                        <onclick>PlayerControl(Random)</onclick>
                    </item>
                    <item id="9">
                        <visible>!Playlist.IsRandom</visible>
                        <thumb>MusicOSD/OSDRandomOffNF.png</thumb>
                        <label>MusicOSD/OSDRandomOffFO.png</label>
                        <onclick>PlayerControl(Random)</onclick>
                    </item>
                    <item id="8">
                        <visible>Player.CanRecord</visible>
                        <thumb>MusicOSD/OSDrecNF.png</thumb>
                        <label>MusicOSD/OSDrecFO.png</label>
                        <onclick>PlayerControl(record)</onclick>
                    </item>
                </content>
            </control>
        </control>
        <control type="image">
            <visible>!ControlGroup(101).HasFocus() + !VideoPlayer.Content(LiveTV)</visible>
            <animation type="Visible">
                <effect type="fade" tween="circle" easing="in" start="0" end="100" time="800"/>
            </animation>
            <left>1500</left>
            <top>1030</top>
            <width>48</width>
            <height>48</height>
            <texture>images/Dialogpull.png</texture>
        </control>
        <control type="slider" id="401">
            <description>Slider</description>
            <left>257</left>
            <top>933</top>
            <width>1416</width>
            <height>68</height>
            <action>seek</action>
        </control>
    </controls>
</window>
