<?xml version="1.0" encoding="UTF-8"?>
<window>
    <defaultcontrol>5001</defaultcontrol>
    
    <controls>
        <control type="button" id="5001">
            <visible allowhiddenfocus="true">false</visible>
            <onclick>Close</onclick>
            <onleft>Close</onleft>
            <onright>Close</onright>
            <onup>Close</onup>
            <ondown>Close</ondown>
        </control>
        
        <control type="group">
            <description>Player Process Information</description>
            <visible>![Window.IsActive(OSDVideoSettings) | Window.IsActive(OSDAudioSettings) | Window.IsActive(VideoBookmarks) | Window.IsVisible(PVROSDChannels) | Window.IsVisible(PVROSDGuide) | Window.IsActive(subtitlesearch) | Window.IsActive(osdcmssettings)]</visible>
            <depth>0.40</depth>
            <animation effect="fade" start="0" end="100" time="300">VisibleChange</animation>
            <animation effect="fade" start="0" end="100" time="300">WindowOpen</animation>
            <animation effect="fade" start="100" end="0" time="300">WindowClose</animation>
            <left>42</left>
            <top>20</top>
            
            <control type="image">
                <width>1836</width>
                <height>220</height>
                <texture border="50" colordiffuse="E0000000">images/diffuserounded.png</texture>
            </control>
            
            <control type="grouplist">
                <top>5</top>
                <left>27</left>
                <itemgap>0</itemgap>
                <orientation>vertical</orientation>
                <control type="label">
                    <description>Video Label</description>
                    <width>450</width>
                    <height>30</height>
                    <font>Font_Bold24</font>
                    <textcolor>ff1573d4</textcolor>
                    <shadowcolor>ff000000</shadowcolor>
                    <label>$LOCALIZE[291]</label>
                </control>
                <control type="group">
                    <height>30</height>
                    <control type="label">
                        <width>248</width>
                        <font>Font_Bold24</font>
                        <textcolor>ff7993b0</textcolor>
                        <shadowcolor>ff000000</shadowcolor>
                        <label>Decoder:</label>
                    </control>
                    <control type="label">
                        <left>255</left>
                        <width>600</width>
                        <font>Font_Bold24</font>
                        <textcolor>ffcecece</textcolor>
                        <shadowcolor>ff000000</shadowcolor>
                        <label fallback="31001">[UPPERCASE]$INFO[Player.Process(videodecoder)][/UPPERCASE]</label>
                    </control>
                </control>
                <control type="group">
                    <height>30</height>
                    <control type="label">
                        <width>248</width>
                        <font>Font_Bold24</font>
                        <textcolor>ff7993b0</textcolor>
                        <shadowcolor>ff000000</shadowcolor>
                        <label>$LOCALIZE[169]:</label>
                    </control>
                    <control type="label">
                        <left>255</left>
                        <width>600</width>
                        <font>Font_Bold24</font>
                        <textcolor>ffcecece</textcolor>
                        <shadowcolor>ff000000</shadowcolor>
                        <label>$INFO[Player.Process(videowidth)]$INFO[Player.Process(videoheight),x, px]$INFO[Player.Process(videodar), (, $LOCALIZE[31154])]</label>
                    </control>
                </control>
                <control type="group">
                    <height>30</height>
                    <control type="label">
                        <width>248</width>
                        <font>Font_Bold24</font>
                        <textcolor>ff7993b0</textcolor>
                        <shadowcolor>ff000000</shadowcolor>
                        <label>Framerate:</label>
                    </control>
                    <control type="label">
                        <left>255</left>
                        <width>600</width>
                        <font>Font_Bold24</font>
                        <textcolor>ffcecece</textcolor>
                        <shadowcolor>ff000000</shadowcolor>
                        <label fallback="31001">$INFO[Player.Process(videofps),, FPS]</label>
                    </control>
                </control>
                <control type="group">
                    <height>30</height>
                    <control type="label">
                        <width>248</width>
                        <font>Font_Bold24</font>
                        <textcolor>ff7993b0</textcolor>
                        <shadowcolor>ff000000</shadowcolor>
                        <label>Pixel Format:</label>
                    </control>
                    <control type="label">
                        <left>255</left>
                        <width>600</width>
                        <font>Font_Bold24</font>
                        <textcolor>ffcecece</textcolor>
                        <shadowcolor>ff000000</shadowcolor>
                        <label fallback="31001">[UPPERCASE]$INFO[Player.Process(pixformat)][/UPPERCASE]</label>
                    </control>
                </control>
                <control type="group">
                    <height>30</height>
                    <control type="label">
                        <width>320</width>
                        <font>Font_Bold24</font>
                        <textcolor>ff7993b0</textcolor>
                        <shadowcolor>ff000000</shadowcolor>
                        <label>Deinterlace Method:</label>
                    </control>
                    <control type="label">
                        <left>330</left>
                        <width>650</width>
                        <font>Font_Bold24</font>
                        <textcolor>ffcecece</textcolor>
                        <shadowcolor>ff000000</shadowcolor>
                        <label fallback="31001">$INFO[Player.Process(deintmethod)]</label>
                    </control>
                </control>
            </control>
            
            <control type="grouplist">
                <top>5</top>
                <left>891</left>
                <itemgap>0</itemgap>
                <orientation>vertical</orientation>
                <control type="label">
                    <description>Audio Label</description>
                    <width>450</width>
                    <height>30</height>
                    <font>Font_Bold24</font>
                    <textcolor>ff1573d4</textcolor>
                    <shadowcolor>ff000000</shadowcolor>
                    <label>$LOCALIZE[292]</label>
                </control>
                <control type="group">
                    <height>30</height>
                    <control type="label">
                        <width>248</width>
                        <font>Font_Bold24</font>
                        <textcolor>ff7993b0</textcolor>
                        <shadowcolor>ff000000</shadowcolor>
                        <label>Decoder:</label>
                    </control>
                    <control type="label">
                        <left>255</left>
                        <width>600</width>
                        <font>Font_Bold24</font>
                        <textcolor>ffcecece</textcolor>
                        <shadowcolor>ff000000</shadowcolor>
                        <label fallback="31001">[UPPERCASE]$INFO[Player.Process(audiodecoder)][/UPPERCASE]</label>
                    </control>
                </control>
                <control type="group">
                    <height>30</height>
                    <control type="label">
                        <width>248</width>
                        <font>Font_Bold24</font>
                        <textcolor>ff7993b0</textcolor>
                        <shadowcolor>ff000000</shadowcolor>
                        <label>Audio Channels:</label>
                    </control>
                    <control type="label">
                        <left>255</left>
                        <width>600</width>
                        <font>Font_Bold24</font>
                        <textcolor>ffcecece</textcolor>
                        <shadowcolor>ff000000</shadowcolor>
                        <label fallback="31001">$INFO[Player.Process(audiochannels)]</label>
                    </control>
                </control>
                <control type="group">
                    <height>30</height>
                    <control type="label">
                        <width>248</width>
                        <font>Font_Bold24</font>
                        <textcolor>ff7993b0</textcolor>
                        <shadowcolor>ff000000</shadowcolor>
                        <label>Samplerate:</label>
                    </control>
                    <control type="label">
                        <left>255</left>
                        <width>600</width>
                        <font>Font_Bold24</font>
                        <textcolor>ffcecece</textcolor>
                        <shadowcolor>ff000000</shadowcolor>
                        <label fallback="31001">$INFO[Player.Process(audiosamplerate),, Hz]</label>
                    </control>
                </control>
                <control type="group">
                    <height>30</height>
                    <control type="label">
                        <width>248</width>
                        <font>Font_Bold24</font>
                        <textcolor>ff7993b0</textcolor>
                        <shadowcolor>ff000000</shadowcolor>
                        <label>Bits Per Sample:</label>
                    </control>
                    <control type="label">
                        <left>255</left>
                        <width>600</width>
                        <font>Font_Bold24</font>
                        <textcolor>ffcecece</textcolor>
                        <shadowcolor>ff000000</shadowcolor>
                        <label>$INFO[Player.Process(audiobitspersample),, Bit]</label>
                    </control>
                </control>
            </control>

            <control type="grouplist">
                <top>5</top>
                <left>1450</left>
                <itemgap>0</itemgap>
                <orientation>vertical</orientation>
                <control type="label">
                    <description>System Label</description>
                    <width>450</width>
                    <height>30</height>
                    <font>Font_Bold24</font>
                    <textcolor>ff1573d4</textcolor>
                    <shadowcolor>ff000000</shadowcolor>
                    <label>System</label>
                </control>
                <control type="group">
                    <height>30</height>
                    <control type="label">
                        <width>218</width>
                        <font>Font_Bold24</font>
                        <textcolor>ff7993b0</textcolor>
                        <shadowcolor>ff000000</shadowcolor>
                        <label>Decoder:</label>
                    </control>
                    <control type="label">
                        <description>Hardware Decoding</description>
                        <visible>Player.Process(videohwdecoder)</visible>                    
                        <left>150</left>
                        <width>150</width>
                        <align>right</align>
                        <font>Font_Bold24</font>
                        <textcolor>ff00ff00</textcolor>
                        <shadowcolor>ff000000</shadowcolor>
                        <label>Hardware</label>
                    </control>
                    <control type="label">
                        <description>Hardware Decoding</description>
                        <visible>!Player.Process(videohwdecoder)</visible>                    
                        <left>150</left>
                        <width>150</width>
                        <align>right</align>
                        <font>Font_Bold24</font>
                        <textcolor>ffff0000</textcolor>
                        <shadowcolor>ff000000</shadowcolor>
                        <label>Software</label>
                    </control>                    
                </control>                
                <control type="group">
                    <height>30</height>
                    <control type="label">
                        <width>200</width>
                        <font>Font_Bold20</font>
                        <textcolor>ff7993b0</textcolor>
                        <shadowcolor>ff000000</shadowcolor>
                        <label>CPU</label>
                    </control>
                    <control type="label">
                        <left>100</left>
                        <width>260</width>
                        <align>right</align>
                        <font>Font_Bold20</font>
                        <textcolor>ffcecece</textcolor>
                        <shadowcolor>ff000000</shadowcolor>
                        <label fallback="31001">$INFO[System.CpuUsage]</label>
                    </control>
                </control>
                <control type="group">
                    <height>30</height>
                    <control type="label">
                        <width>238</width>
                        <font>Font_Bold20</font>
                        <textcolor>ff7993b0</textcolor>
                        <shadowcolor>ff000000</shadowcolor>
                        <label>Memory:</label>
                    </control>
                    <control type="label">
                        <left>150</left>
                        <width>175</width>
                        <align>right</align>
                        <font>Font_Bold20</font>
                        <textcolor>ffcecece</textcolor>
                        <shadowcolor>ff000000</shadowcolor>
                        <label fallback="31001">$INFO[System.Memory(used.percent)]</label>
                    </control>
                </control>
                <control type="group">
                    <height>30</height>
                    <control type="label">
                        <width>218</width>
                        <font>Font_Bold24</font>
                        <textcolor>ff7993b0</textcolor>
                        <shadowcolor>ff000000</shadowcolor>
                        <label>Cache:</label>
                    </control>
                    <control type="label">
                        <left>155</left>
                        <width>150</width>
                        <align>right</align>
                        <font>Font_Bold24</font>
                        <textcolor>ffcecece</textcolor>
                        <shadowcolor>ff000000</shadowcolor>
                        <label fallback="31001">$INFO[Player.CacheLevel,,%]</label>
                    </control>
                </control>
            </control>            
            
        </control>

    </controls>
</window>
