<?xml version='1.0' encoding='UTF-8' standalone='yes'?>
<addon 
  id="plugin.video.nextnewsnetwork" 
  name="The Next News Network" 
  provider-name="celadoor" 
  version="0.0.2">
  <requires>
    <import  addon="xbmc.python"                      version="2.1.0" />
    <import  addon="script.common.plugin.cache"       version="1.5.1" />
    <import  addon="script.module.parsedom"           version="1.5.1" />
    <import  addon="script.module.simple.downloader"  version="0.9.4" />
  </requires>
  <extension library="default.py"                     point="xbmc.python.pluginsource">
    <provides>video</provides>
  </extension>
  <extension point="xbmc.addon.metadata">
    <summary lang="en">The Next News Network video addon</summary>
    <description lang="en">The Next News Network. Connect people from around the world with an online, interactive hub for news and entertainment to share facts, issues, tips, and ideas – free from corporate influence – in order to broadcast pertinent truths the world should know.

    -N3.</description>
    <language>en</language>
    <platform>all</platform>
	<license>GNU GENERAL PUBLIC LICENSE. Version 3, June 2007</license>
	<forum></forum>
	<website>http://nextnewsnetwork.com/</website>
	<email></email>
	<source></source>
  </extension>
</addon>