<?xml version="1.0" encoding="UTF-8"?>
<window id="126">
    <defaultcontrol always="true">450</defaultcontrol>

    <include>OpenClose</include>
    <controls>
        <control type="group">
            <control type="image" description="List back">
                <centerleft>960</centerleft>
                <centertop>540</centertop>
                <width>2000</width>
                <height>1200</height>
                <aspectratio>stretch</aspectratio>
                <texture border="150">images/Dialog.png</texture>
            </control>
            <control type="label" id="411">
                <top>115</top>
                <left>960</left>
                <width>740</width>
                <align>center</align>
                <label>-</label>
            </control>
            <control type="list" id="450">
                <top>180</top>
                <left>960</left>
                <width>740</width>
                <height>810</height>
                <onleft>9000</onleft>
                <onright condition="!Skin.HasSetting(Scrollbars_Passive)">60</onright>
                <onup>450</onup>
                <ondown>450</ondown>
                <pagecontrol>60</pagecontrol>
                <scrolltime tween="sine" easing="inout">280</scrolltime>
                <itemlayout width="720" height="81">
                    <include>listline</include>
                    <control type="label" description="Main Label">
                        <width>720</width>
                        <include>SmallListMainLabel</include>
                        <label>$INFO[ListItem.Label]</label>
                    </control>
                </itemlayout>
                <focusedlayout width="720" height="81">
                    <include>listline</include>
                    <include>SmallSelector</include>
                    <control type="label" description="Main Label">
                        <width>720</width>
                        <textcolor>main</textcolor>
                        <include>SmallListMainLabel</include>
                        <label>$INFO[ListItem.Label]</label>
                    </control>
                </focusedlayout>
            </control>
        </control>
        <control type="list" id="451">
            <top>180</top>
            <left>960</left>
            <width>740</width>
            <height>810</height>
            <onleft>9000</onleft>
            <onright condition="!Skin.HasSetting(Scrollbars_Passive)">60</onright>
            <onup>450</onup>
            <ondown>450</ondown>
            <pagecontrol>60</pagecontrol>
            <scrolltime tween="sine" easing="inout">280</scrolltime>
            <itemlayout width="720" height="81">
                <include>listline</include>
                <control type="label" description="Main Label">
                    <width>720</width>
                    <include>SmallListMainLabel</include>
                    <label>$INFO[ListItem.Label]</label>
                </control>
            </itemlayout>
            <focusedlayout width="720" height="81">
                <include>listline</include>
                <include>SmallSelector</include>
                <control type="label" description="Main Label">
                    <width>720</width>
                    <textcolor>main</textcolor>
                    <include>SmallListMainLabel</include>
                    <label>$INFO[ListItem.Label]</label>
                </control>
            </focusedlayout>
        </control>
        <control type="image" description="Item Thumb">
            <centerleft>520</centerleft>
            <centertop>440</centertop>
            <visible>!SubString(Control.GetLabel(416),*)</visible>
            <width>700</width>
            <height>700</height>
            <fadetime>200</fadetime>
            <texture>$VAR[filebrowserthumb]</texture>
            <aspectratio>keep</aspectratio>
        </control>
        <control type="image" description="Item Thumb">
            <centerleft>520</centerleft>
            <centertop>440</centertop>
            <visible>SubString(Control.GetLabel(416),*)</visible>
            <width>700</width>
            <height>700</height>
            <fadetime>200</fadetime>
            <texture flipx="true">$VAR[filebrowserthumb]</texture>
            <aspectratio>keep</aspectratio>
        </control>
        <control type="grouplist" id="9000">
            <centerleft>520</centerleft>
            <top>800</top>
            <onleft>450</onleft>
            <onright>450</onright>
            <ondown>9001</ondown>
            <orientation>horizontal</orientation>
            <itemgap>0</itemgap>
            <align>center</align>
            <control type="button" id="413" description="Ok">
                <label>186</label>
            </control>
            <control type="button" id="414" description="Cancel">
                <label>222</label>
            </control>
        </control>
        <control type="grouplist" id="9001">
            <centerleft>520</centerleft>
            <top>880</top>
            <onleft>450</onleft>
            <onright>450</onright>
            <onup>9001</onup>
            <orientation>horizontal</orientation>
            <itemgap>0</itemgap>
            <align>center</align>
            <control type="button" id="415" description="Create folder">
                <label>119</label>
            </control>
            <control type="radiobutton" id="416" description="Horizontal Flip">
                <width>400</width>
                <radioleft>300</radioleft>
                <texturefocus colordiffuse="$VAR[diffuseselect]">images/buttonselect2.png</texturefocus>
                <label>$LOCALIZE[749]</label>
            </control>
        </control>
        <control type="label" id="412" description="Main Label">
            <left>114</left>
            <top>960</top>
            <height>45</height>
            <width>1050</width>
            <scroll>false</scroll>
            <haspath>true</haspath>
            <font>size28</font>
            <textcolor>white</textcolor>
            <label>$INFO[ListItem.Label]</label>
        </control>
        <control type="image">
            <left>959</left>
            <centertop>540</centertop>
            <width>1</width>
            <height>910</height>
            <texture>lines/LineV.png</texture>
        </control>
        <control type="scrollbar" id="60">
            <right>151</right>
            <top>137</top>
            <height>800</height>
            <onleft>450</onleft>
            <onright>9000</onright>
        </control>
    </controls>
</window>
