<?xml version="1.0" encoding="UTF-8"?>
<window>
  <defaultcontrol>3</defaultcontrol>
  <include>OpenClose</include>
  <controls>
    <include>BlackBackground</include>
    <control type="image" description="Line top">
      <top>165</top>
      <width>1920</width>
      <height>1</height>
      <aspectratio>stretch</aspectratio>
      <texture>images/Line.png</texture>
    </control>
    <control type="label" description="Heading">
      <include>Heading</include>
      <label></label>
    </control>
    <control type="grouplist" id="3" description="Categories">
      <top>90</top>
      <width>auto</width>
      <align>center</align>
      <height>80</height>
      <itemgap>9</itemgap>
      <onleft>noop</onleft>
      <onright>noop</onright>
      <onup>noop</onup>
      <ondown>5</ondown>
      <orientation>horizontal</orientation>
    </control>
    <control type="grouplist" id="9000" description="bottomPanel">
      <top>1000</top>
      <width>auto</width>
      <align>center</align>
      <height>80</height>
      <itemgap>20</itemgap>
      <onleft>noop</onleft>
      <onright>noop</onright>
      <onup>5</onup>
      <ondown>9001</ondown>
      <orientation>horizontal</orientation>
      <control type="button" id="28" description="OK">
      </control>
      <control type="button" id="29" description="Cancel">
      </control>
      <control type="button" id="30" description="Default">
      </control>
    </control>
    <control type="button" id="10" description="Button Template">
      <font>size33</font>
    </control>
    <control type="grouplist" id="5" description="Stage">
      <left>300</left>
      <top>180</top>
      <width>1320</width>
      <height>800</height>
      <itemgap>15</itemgap>
      <onup>3</onup>
      <ondown>9000</ondown>
      <onleft>0</onleft>
      <onright>60</onright>
      <pagecontrol>60</pagecontrol>
    </control>
    <control type="button" id="7" description="Default Category Button">
      <font>size33</font>
      <align>left</align>
    </control>
    <control type="radiobutton" id="8" description="Default RadioButton">
      <font>size33</font>
      <align>left</align>
      <radioleft>1260</radioleft>
    </control>
    <control type="spincontrolex" id="9" description="Default spincontrolex">
      <font>size33</font>
      <reverse>yes</reverse>
    </control>
    <control type="image" id="11" description="DO NOT REMOVE">
      <height>1</height>
      <texture>images/Line.png</texture>
    </control>
    <control type="label" id="14">
      <label></label>
      <font>size36</font>
      <textcolor>Blue</textcolor>
    </control>
    <control type="sliderex" id="13" description="Default Slider Control">
      <font>size33</font>
      <width>900</width>
    </control>
  </controls>
</window>
