<?xml version='1.0' encoding='UTF-8' standalone='yes'?>
<addon 
  id="plugin.video.tagen.tv" 
  name="Tagen TV" 
  provider-name="celadoor" 
  version="0.0.5">
  <requires>
    <import  addon="xbmc.python"                      version="2.1.0" />
    <import  addon="script.common.plugin.cache"       version="1.5.1" />
    <import  addon="script.module.parsedom"           version="1.5.1" />
    <import  addon="script.module.simple.downloader"  version="0.9.4" />
  </requires>
  <extension library="default.py"                     point="xbmc.python.pluginsource">
    <provides>video</provides>
  </extension>
  <extension point="xbmc.addon.metadata">
    <summary lang="en">Tagen TV Polish Internet Tv</summary>
	<summary lang="pl">Tagen TV Polski Internet TV</summary>
    <description lang="en">Tagen TV Polish Internet Tv. Tagen.tv is the first television co-created by Internet users. We are not scared of topics and are happy to show the event, phenomenon or people from a completely different perspective. If like us, you are dissatisfied with the state of Polish media, which in sensationalism and audience has long ago lost its mission then you have come to the right place. In Tagen.tv you decide what and when you want to watch, support artists and what topics to promote.</description>
	<description lang="pl">Tagen TV Polski Internet TV. Tagen.tv to pierwsza telewizja współtworzona przez internautów. Nie boimy się żadnych tematów i chętnie pokazujemy wydarzenia, zjawiska czy ludzi z zupełnie innej perspektywy. Jeżeli tak jak my, jesteś niezadowolony ze stanu Polskich mediów, które w pogoni za sensacją i oglądalnością dawno zgubiły swoją misję to trafiliście w odpowiednie miejsce. W Tagen.tv sami decydujecie co i kiedy chcecie oglądać, których twórców wspierać i jakie tematy promować.</description>
    <platform>all</platform>
	<license>GNU GENERAL PUBLIC LICENSE. Version 3, June 2007</license>
	<forum>http://forum.kodi.tv/showthread.php?tid=228084</forum>
	<website>http://tagen.tv/</website>
	<email></email>
	<source>http://celadoor.github.io/plugin.video.tagen.tv.zip</source>
  </extension>
</addon>