<?xml version='1.0' encoding='UTF-8' standalone='yes'?>
<addon 
  id="plugin.video.democracynow" 
  name="Democracy Now!" 
  provider-name="celadoor" 
  version="1.0.6">
  <requires>
    <import  addon="xbmc.python"                      version="2.1.0" />
    <import  addon="script.common.plugin.cache"       version="1.5.1" />
    <import  addon="script.module.parsedom"           version="1.5.1" />
    <import  addon="script.module.simple.downloader"  version="0.9.4" />
  </requires>
  <extension library="default.py"                     point="xbmc.python.pluginsource">
    <provides>video</provides>
  </extension>
  <extension point="xbmc.addon.metadata">
    <summary lang="en">Democracy Now!</summary>
    <description lang="en">WHY INDEPENDENT MEDIA ?
For true democracy to work, people need easy access to independent, diverse sources of news and information.
But the last two decades have seen unprecedented corporate media consolidation. The U.S. media was already fairly homogeneous in the early 1980s: some fifty media conglomerates dominated all media outlets, including television, radio, newspapers, magazines, music, publishing and film. In the year 2000, just six corporations dominated the U.S. media.
In addition, corporate media outlets in the U.S. are legally responsible to their shareholders to maximize profits.
Democracy Now! is funded entirely through contributions from listeners, viewers, and foundations. We do not accept advertisers, corporate underwriting, or government funding. This allows us to maintain our independence.</description>
    <language>en</language>
    <platform>all</platform>
	<license>GNU GENERAL PUBLIC LICENSE. Version 3, June 2007</license>
	<forum>http://forum.xbmc.org/showthread.php?tid=59931</forum>
	<website>http://www.democracynow.org</website>
	<email></email>
  </extension>
</addon>